Image Link,Artist,Title,Status,"Liedtke, Walter. Vermeer: The Complete Paintings. 2008.","Wheelock, Arthur. Vermeer: The Complete Works. 1997.","Blankert, Albert. Vermeer of Delft: Complete Edition of the Paintings. 1978.","Vries, A.D. de Jan Vermeer de Delft. 1948.","Vries, A.D. de Jan Vermeer de Delft. 1939.","Hale, Philip. Jan Vermeer of Delft: with Reproductions of all of Vermeer's Known Paintings. 1937.","Hale, Philip. Jan Vermeer of Delft: with Reproductions of all of Vermeer's Known Paintings. 1913.","Groot, Hofstede de, A Catalogue Raisonee of the works of the Most Eminent Dutch Painters of the Seventeenth Century, vol 1. 1907. ""Johannes Vermeer.""","Harvard, Henry. Van der Meer de Delft. 1888.","Thore-Burger, Theophile, ""Van der Meer de Delft,"" in Gazette des Beaux-Arts 21 (October-December 1866): pp. 297-330, 458-570, 542-575, no. 26/27"
https://www.mauritshuis.nl/en/explore/the-collection/artworks/diana-and-her-nymphs-406/detailgegevens/,Vermeer  Johannes  1632-1675,Diana and her Companions,Attributed to Vermeer,"Blankert 1978, pp. 13-17, no. 2; Wheelock 1981, pp. 15, 68-69, Nash 1991, pp. 44, 46, 47, 53, 88; Broos 1993, no. 37; Washington and the Hague 1995-96, no. 3; Wheelock 1995a, ch. 2; Rotterdam and Frankfurt 1999-2000, no. 62; Liedtke 2000, pp. 191-194; New York and London 2001, no. 64; Kolfin, Pottasch and Hoppe 2002",,HdG 3; De Bries I: 1654; Bloch: before 1656; Goldscheider 2: 1655,Hd.G. no. 3; Pl. no. 5,H.d.G. no. 3; Pl. no. 19,dienstbode,Hale cites M. Vanzype,"Royal Picture Gallery,Tthe Hague, 1904 catalogue, No. 466",,
https://www.nationalgalleries.org/art-and-artists/5539/christ-house-martha-and-mary,Vermeer  Johannes  1632-1675,Christ in the House of Mary and Martha,Attributed to Vermeer,"Blankert 1978, pp. 13-17, no. 1; Wheelock 1981, pp. 15, 64-67; Nash 1991, pp. 44-45, 46, 53; Wahsinton and The Hague 1995-96, no. 2; Liedtke 2000, pp. 194-98; New York and London 2001, no. 65",,HdG I; De Vries 2: 1654-5; Bloch: before 1656; Golscheider I: 1654,"HdG no. 1; Pl. no. 1; F. Bodmer, Vermeer-Stiftung in Edinburgh, in: Der Cicerone, XIX, 1927, p. 66-67; T. Borenius, Vermeer's Master, in: B.M., XLIII, 1923, p. 37-38; [D.S. Mac Coll] A note on Vermeer of Delft and the picture Christ with Martha and Mary, [London] 1901; D.S. Mac Coll, The newly discovered Vermeer, in: The Athenaeum, 1901, p. 409; A. Bredius, in: Nieuwe Rotterdamsche Courant, 27 mars 1901; H.C., in: Chronique des Arts, 1901, p. 156","H.d.G. no. 1; Pl. no. 36; F. Bodmer, Vermeer-Stiftung in Edinburgh, Cicerone xIX, 1927, p. 66-67; T. Borenius, Vermeer's Master, Burl. Mag. 1923, p. 37-38; D.S. Mac Coll, A note on Vermeer of Delft and the picture Christ with Martha and Mary, London, 1901; D.S. Mac Coll, The newly discovered Vermeer, The Athenaeum, 1901, p. 409.","Holmes, Charles J., Burlington Magazine, January 1905; T. Borenius, Vermeer's Master, Burl. Mag. 1923; Hale cites an article written in ""Pantheon"" by Dr. W.R. Valentiner",,,,
https://skd-online-collection.skd.museum/Details/Index/415421,Vermeer  Johannes  1632-1675,The Procuress,Attributed to Vermeer,"Blankert 1978, no. 3; Wheelock 1981, pp. 15, 70-73; Nash 1991, pp. 50-53; Liedtke 2000, pp. 188, 197-202; New York and London 2001, no. 66; Neidhardt and Giebe 2004",,Burger I; HdG 41. De Bries 3: 1656; Bloch: 1656; Goldscheider 4: 1656,Th. B. no. 1; H. no. 1; H.d.G. no. 41; Pl. no. 32 ,Th. B. no. 1; H. no. 1; H.d.G. no. 41; Pl. no. 15,,"W.R. Valentiner, ""Hudson-Fulton Catalogue""","B. 1; H. 1; Groot cites W. Burger (Musées, i. 77) and Parthey (ii. 98); Picture Gallery, Dresden, 1905 catalogue, No. 1335",,"Museum of Dresden, catalogue (French Edition), 1862"
https://www.metmuseum.org/art/collection/search/437878,Vermeer  Johannes  1632-1675,A Maid Asleep,Attributed to Vermeer,"Kahr 1972; Blankert 1978, no. 4; Wheelock 1981, pp. 74-75; Ainsworth et al. 1982, pp. 18-26; Nash 1991, pp. 54-62; Arasse 1994, pp. 29-31; Wheelock 1995a, ch. 3; Liedtke 2000, pp. 202-5; New York and London 2001, no. 67; Liedtke 2007, pp. 868-77",,HdG 16; De Bries 4: 1656; Bloch: 1655-60; Goldscheider 3: 1656,H. no. 48; H.d.G. no. 16; Pl. no. 11,H. no. 48; H.d.G. No. 16; Pl. no. 28,,H.d.G. 3,"H. 48; Ch. Sedelmeyer, ""Catalogue of 300 Paintings,"" 1898, No. 88",,
https://skd-online-collection.skd.museum/Details/Index/415429,Vermeer  Johannes  1632-1675,A Girl Reading a Letter,Attributed to Vermeer,"Gowing 1970, pp. 33-36, 97-103; Blankert 1978, no. 6; Mayer-Meintschel 1978-79; Wheelock 1981, pp. 30, 32, 76-79; Wheelock 1987, pp. 410-11; Nash 1991, pp. 88-91; Arasse 1994, pp. 66-67; Liedtke 2000, pp. 177-78, 201, 202, 205-9-210; New York and London 2001, pp. 97, 152, 155; Vergara 2003, pp. 51-52",,Burger 31; HdG 34; De Bries 5: 1657; Bloch 1655-60; Goldscheider 6: 1658,Th. B. no. 31; H. no. 34; H.d.G. no 34; Pl. no. 26,Th. B. no. 31; H. no. 34; H.d.G. no. 34; Pl. no. 16,,,"B. 31; H. 34; Groot cites Waage, ii. 26 and Parthey, ii. 98.; Picture Gallery, dresden, 1905 catalogue, No. 1336",,"Museum of Dresden, catalogue, 1862(as Pieter de Hooch); l'Histoire des peintres de toutes les écoles(as Pieter de Hooch); M. Waagen, Quelques observations sur le Musée de Dresde, Berlin, 1858; Personal letter by M. Julius Hubner, curator of the Museum of Dresden; M. Waagen, Manuel, t. III, p. 26; Museum of Dresden (New Edition), catalogue, 1862, no. 4433."
https://collections.frick.org/objects/275/officer-and-laughing-girl,Vermeer  Johannes  1632-1675,Officer and Laughing Girl,Attributed to Vermeer,"Gowing 1970, pp. 104-9; Blankert 1978, no. 5; Wheelock 1981, pp. 15, 82-95; Nash 1991, pp. 63-66; Arasse 1994, pp. 49-50, 79; Wheelock 1995a, ch. 5; Liedtke 2000, pp. 22, 145, 177-78, 190-91, 209-210;  New York and London 2001, pp. 155, 156, 157, 272; Vergara 2001, pp. 63-64",,Burger 7; HdG 39; De Bries 6: 1657; Block 1655-60; Goldscheider 5: 1657,"Th. B. no. 7; H.d.G. no. 39; Pl. no. 31; E.A. Seemann, Der Kriegsmann und das lachende Madchen, in: Z.f.b.K., II, 1867, p. 167-70; The Soldier and the laughing girl by Jan Vermeer of Delft, in: B.M, VII, 1905, p. 237","Th. B. no. 7; H. no. 7; H.d.G no. 39; Pl. no. 26; E.A. Seemann, Der Kriegsmann und das lachende Madhen, Aeitschr. F. Bild. K. II, 1867, p. 167-70; Redactie, The Soldier and the laughing girl by Jan Vermeer of Delft, Burl. Mag. VII, 1905, p. 237.","Holman, Louis A., ""Old Maps and Their Makers,"" Boston, 1926",H.d.G. 39,B. 7; H. 7,,"Exhibition Retrospective of the Champs-Elysees, catalogue, no. 107"
https://www.rijksmuseum.nl/en/collection/SK-A-2344,Vermeer  Johannes  1632-1675,The Milkmaid,Attributed to Vermeer,"Gowing 1970, pp. 109-112; Blankert 1978, no. 7; Slatkes 1981, pp. 32-35; Wheelock 1981, pp. 86-89; Nash 1991, pp. 94-96; Wheelock 1995a, ch. 6; Washington and the Hague 1995-96, no. 5; Liedtke 2000, pp. 131, 207-9, 210-13; New York and London 2001, no. 68",,Burger 25; HdG 17; De Vries 9: 1658; Block: 1655-60; Goldscheider 9: 1660,"Th. B. no. 25; H. no. 28; H.d.G.. no. 17; Pl. no. 12; J. Six, De techniek van Vermeer in ""Een Meyd die melk uytgiet"", in: Bulletin van den Nederlandschen Oudheidkundigen Bond, ser. II, I, 1908, p. 1-5; C.F.L. de Wild, in: Bulletin van den Nederlandschen Oudheidkundigen Bond, ser. II, I, 1908, p. 58-62 et 156-58 ","Th. B. no. 25; H. no. 28; H.d.G. no. 17; Pl. no. 3; J. Six, De techniek van Vermeer in ""En Meyd die melk uytgiet,"" Bull. Ned. Oudh. Bond, 1908, p. 1-5; C.F.L. de Wild, aldaar, p. 58-62 en p. 156-58","Hale quotes a lecture given by Sir George Clausen, R.A. titled ""Vermeer of Delft - and Modern Painting"" one of the Charlton Lectures on Art, delivered at Armstrong College, Newcastle-on-Tyne, in the University of Durham, 1925",H.D.G. 17,"B. 25; H. 28; Groot cites Waagen (iii. 27); ""Exhibition of the Six Collection,"" Amsterdam 1900, No. 70",,"M. Waagen, Manuel, t. III, p. 27"
http://www.smb-digital.de/eMuseumPlus?service=direct/1/ResultLightboxView/result.t1.collection_lightbox.$TspTitleImageLink.link&sp=10&sp=Scollection&sp=SfieldValue&sp=0&sp=0&sp=3&sp=Slightbox_3x4&sp=0&sp=Sdetail&sp=0&sp=F&sp=T&sp=8,Vermeer  Johannes  1632-1675,The Glass of Wine,Attributed to Vermeer,"Blankert 1978, no. 8; Slatkes 1981, pp. 46-47; Wheelock 1981, pp. 90-91; Philadelphia, Berlin and London 1984, no. 116; Nash 1991, pp. 66, 68-70; Washington and The Hague 1995-96, no. 5; Liedtke 2000, pp. 150, 215-217; Goodman 2001, pp. 75-76; New York and London 2001, pp. 156, 157-58, 376-79, no. 70",,HdG 37; De Bries 11: 1658-60; Bloch: 1655-60; Goldscheider 11: 1660,Th. B. no. 20; H. no. 23; H.d.G. no. 37; Pl. no. 29,Th. B. no. 20; H. no. 23; H.d.G. no. 37; Pl. no. 6,Hale cites Mr. Plietzsch and W.R. Valentiner,,"B. 20; H. 23; Kaiser Friedrich Museu, Berlin, 1904 catalogue, No. 912c",,"G. Hoet., t. II, p. 290"
https://collections.frick.org/objects/273/girl-interrupted-at-her-music,Vermeer  Johannes  1632-1675,Girl Interrupted at Her Music,Attributed to Vermeer,"Gowing 1970, pp. 113-16; Blankert 1978, pp. 171-72, no. B2; Slatkes 1981, p. 45; Wheelock 1981, pp. 98-99; Nash 1991, p. 71; Liedtke 2000, p. 217",,Burger 9; HdG 27; De Vries 13: 1658-1660; Bloch: 1655-1660; Goldscheider 12: 1661,"Th. B. no. 9; H. no. 17; H.d.G. no. 27; Pl. no. 20; C. Hofstede de Groot, De een en dertigste Delftsche Vermeer, in: Nederlandsche Spectator, 1899, p. 221","Th. B. no. 9; H. no. 17; H.d.G. no. 27; Pl. no. 29; C. Hofstede de Groot, De een en dertigste Delftsche Vermeer, Ned. Spectator, 1899, p. 221.",,,B. 9; H. 17 and 18,,
https://www.3landesmuseen.de/Hollaendische-Malerei-17-und-18-Jahrhu.644.0.html,Vermeer  Johannes  1632-1675,The Girl with the Wine Glass,Attributed to Vermeer,"Gowing 1970, pp. 113-17, 130-31; Blankert 1978, no. 11; Braunschweig 1978, no. 39; Slatkes 1981, p. 49; Wheelock 1981, pp. 92-93; Nash 1991, p. 66; Washington and The Hague 1995-96, no. 6; Fleischer 1997, pp. 251-54; Salomon 1998, pp. 319-22; Liedtke 2000, pp. 217-20; New York and London 2001, pp. 158-61",,Burger 6; HdG 38; De Bries 12: 1658-60; Bloch: 1660; Goldscheider 15: 1663,"Th. B. no. 6; H. no. 6; H.D.G. no. 38; W. Burger(-Thore), Das Madchen mit dem Weinglas, Olgemalde von Jan van der Meer, in: Z.F.B.K., III, 1868, p. 262-63; Wilhelm Jesse, Der Braunschweiger Vermeer, in: Kunstchronik, LXV, 1931/32, p. 33-35; Friedrich Winkler, Der Tauschhandel der Muséen und der Braunschweiger Vermeer, in: Pantheon, VIII, 1931, p. 488-489; Friedrich Winkler, Der Braunschweiger Vermeer, in: Kunst und Kunstler, XXIX, 1931, p. 74-76 et 369","Th. B. no. 6; H. no. 6; H.d.G. no. 10; W. Burger (Thore), Das Madchen mit dem Weinglase. Oelgemaelde van Jan van der Meer. Zeitschr. F. Bild. K. III, 1868, p. 262-63; W. Jesse, Der Braunschweiger Vermeer, Zeitschr. F. Bild. K. LXV, 1931-32, Beilage, p. 33-35; F. Winkler, Tauschhandel der Muséen und der Braunschweiger Vermeer, Pantheon, VIII, 1931, p. 488-89; F. Winkler, der Braunschweiger Vermeer, Kunst u. Kunstler, XXXIX, 1931, p. 74-76, 369.","Groot, Hofstede de, A Catalogue Raisonee of the works of the Most Eminent Dutch Painters of the Seventeenth Century, vol 1. 1907. ""Johannes Vermeer.""; Duveen, James Henry, ""Art Treasures and Intrigue,"" 1935",,"B. 6; H. 6; Groot cites Waagen (iii. 27), W. Burger (Musées, ii. 73), Riegel (Beitrage, ii. 331-333), and Parthey (ii. 97); Picture Gallery, Brunswick, 1900 catalogue, No. 316",,"Musées de la Hollande, t. II, p. 73; Museum of Brunswick, 1859, no. 438; Waagen, Manuel, t. III, p. 27; Christian Nikolas Eberlein, Beschreibung der herzoglichen Bilder-Gallerie zu Salzthalum, 1776."
"https://www.rijksmuseum.nl/en/vermeers-the-little-street-discovered/objects#/SK-A-2860,2",Vermeer  Johannes  1632-1675,The Little Street in Delft,Attributed to Vermeer,"Swillen 1950, pp. 93-96; Blankert 1978, pp. 36-40, no. 9; Slatkes 1981, pp. 37-38; Wheelock 1981, p. 80; Wheelock 1995a, ch. 4; Washington and The Hague 1995-96, no. 4; Liedtke 2000, pp. 184, 220-21; New York and London 2001, no. 69",,Burger 49; HdG 47; De Bries 7: 1658; Bloch: 1655-60; Goldscheider 7: 1659,"Th. B. no. 49; H. no. 50; HdG. no. 47; Pl. no. 41; Batavus (=M.D. Henkel), Vom holandischen Kunstmarkt: ""Die Strasse"" von Vermeerfur 680 000 Gulden versteigert, in: Der Kunstwanderer, 1920-21, p. 345; Abraham Bredius, Waar ""het Straatje van Six"" van Vermeer in 1799 was, in: O.H., XXXIX, 1921, p. 59-62; Emile Dacier, La ""Petite rue"" de Vermeer de Delft de la collection Six, in: La Revue de l'Art ancien et moderne, XXXIX, 1921, p. 275-78; Ed. Houbolt, Het ""Straatje"", in: Maandblad van het Pers. der Verb. Petroleum-Maatschappijen, VII, 1924, p. 66-73; Wilhelm Martin, Het ""Straatje"" van Vermeer en de Six-stichting, in: Oudheidkundig Jaarboek, ser. III, 1, 1921, p. 107-8; J. de Bries, Stadsgezicht van J. van der Meer (Straatje; coll. Six), in: Eigen Haard, 1900, p. 504-6","Th. B. no. 49; H. no. 50; H.d.G. no. 47; Pl. no. 4; Batavus (M.D. Henkel), Vom Hollandischen Kunstmarkt; ""Die Strasse"" von Vermeer fur 680.000 versteigert, Kunstwanderer, 1920-21, p. 345; A. Bredius, Waar ""het Straatje van Six"" van Vermeer in 1799 was, Oud=Holland, XXXIX, 1921, p. 59-62; Em. Dacier, La ""Petite rue"" de Vermeer de Delft de la coll. Six, Rev. Art. Anc. XXXIX, 1921, p. 275-78; Ed. Houblot, Het ""Straatje,"" Maandbl. v. h. Pers. der Verb. Petroleum-maatschappyen, VII, 1924, p. 66-73; W. Martin, Het ""Straatje"" van Vermeer en de Six-stichting, Oudh. Jaarb., 1921, p. 107-8; J de Vries, Stadsgezicht van J. van der Meer (Straatje; Coll. Six), Eigen Haard, 1900, p. 504-6.","Dobell, Clifford, F.R.S., Antony van Leeuwenhoek and His ""Little Animals,"" London and New York, 1932",H.d.G 47,"B. 49; H. 50; Groot cites Waagen (iii, 26)",,"M. Waagen, t. II, p. 26"
https://www.mauritshuis.nl/en/explore/the-collection/artworks/view-of-delft-92/,Vermeer  Johannes  1632-1675,A View of Delft,Attributed to Vermeer,"Blankert 1978, no. 10; Slatkes 1981, pp. 40-43; Wheelock 1981, pp. 94-96; Wheelock and Kaldenbach 1982; Nash 1991, pp. 6-14; Chong 1992; Wheelock 1995a, ch. 7; Washington and The Hague 1995-96, no. 7; Liedtke 2000, pp. 221-26; New York and London 2001, pp. 24, 551",,,"Th. B. no. 48; H. no. 49; HdG. no. 48, Pl. no. 42; C. van Esch, Vermeer's Zicht op Delft, in: Vlaamsche Arbeid, XII, 1922, p. 384","Th. B. no. 48, no. 49; H.d.G. no. 48; Pl. no. 18; C. van Esch, Vermeer's Zicht op Delft, VI Arbeid, XII, 1922, p. 384","Hale cites writing by M. Vanzype, and quotes Mr. E.V. Lucas; Hare, Augustus J.C., ""Sketches in Holland and Scandinavia,"" London, 1885",H.d.G. 48; Hale cites Thore-Burger and M. Gustave Vanzype,"B. 48; H. 49; Groot cites Waagen (iii, 26); Royal Picture Gallery, The Hague, summary catalogue of 1904, No. 92",,"John Smith, A catalogue raisonné of the works of the most eminent Dutch, Flemish and French painters, Vol. 6, no. 59; M. Waagen, t. III, p. 26"
https://www.metmuseum.org/art/collection/search/437881,Vermeer  Johannes  1632-1675,Young Woman with a Water Pitcher,Attributed to Vermeer,"Gowing 1970, pp. 130-31; Blankert 1978, no 12; Slatkes 1981, p. 50; Wheelock 1981, pp. 114-17; Nash 1991, pp. 96-98; Wheelock 1995a, ch. 10; Washington and The Hague 1995-96, no. 11; Liedtke 2000, pp. 213, 226-28; New York and London 2001, no. 71; Madrid 2003, no. 34; Liedtke 2007, pp. 877-83 (with summaries of all earlier references)",,HdG 19; De Vries 10: 1658-60; Bloch: 1660; Goldscheider 16: 1663,"H. no. 56; HdG. no. 19; Pl. no. 13; H.W., Van der Meer (coll. Powerscourt), in: The Athenaeum, 1877, p. 616. ","H. no. 56; H.d.G. no. 19; Pl. no. 27; H.W., Van der Meer (coll. Powercourt), The Athenaeum, 1877, p. 616","Viscount Powerscourt, ""A Description and History of Powerscourt,"" 1903; E.V. Lucase, ""Vermeer of Delft,"" 1921",,"H. 56; Metropolitan Museum, New York , 1905 catalogue, No. 258",,
https://www.metmuseum.org/art/collection/search/437880,Vermeer  Johannes  1632-1675,Woman with a Lute,Attributed to Vermeer,"Gowing 1970, pp. 132-34; Blankert 1978, pp. 169 (under no. 28), 171, no. B1; Slatkes 1981, p. 60; Wheelock 1981, p. 112; Philadelphia, Berlin and London 1984, no. 117; Liedtke 2000, pp. 232-33; New York and London 2001, no. 72; Liedtke 2007, pp. 328, 884-87 (with summaries of all earlier references)",,De Vries 20: 1663-64; Bloch: 1665; Goldscheider 19: 1664,"Pl. no. 19; C. Hofstede de Groot, Jan Vermeer  van Delft en Carel Fabritius, Amsterdam, 1913, suppl. I, no. 45",Pl. no. 30,,,,,
https://www.rct.uk/collection/405346/lady-at-the-virginals-with-a-gentleman?_ga=2.201902039.776645573.1560351591-698046801.1560351591,Vermeer  Johannes  1632-1675,A Lady at the Virginal with a Gentleman (The Music Lesson),Attributed to Vermeer,"Gowing 1970, pp. 37-40, 119-27; Blankert 1987, pp. 44-45, no. 16; Slatkes 1981, pp. 63-64, 66; Wheelock 1981, pp. 100-102, 122; White 1982, no. 230; Nash 1991, pp. 74, 78; Wheelock 1995a, ch. 8 and pp. 113-17, 119; Washinton and The Hague 1995-96, no. 8; Liedtke 2000, pp. 111, 228-32, 245-46; New York and London 2001, pp. 158-61, 460; Vergara 2001, pp. 64-68",,Burger 10; HdG 28; De Bries A: 1659-60; Bloch: 1660; Goldscheider 13: 1662,"Th. B. no. 10 (?); H. no. 10 (?); HdG. no. 28; Pl. no. 21; Benedict Nicolson, Vermeer, Lady at the Virginals, London 1946 (The Gallery Books. 12)", Th. B. no. 10?; H. no. 10? H.d.G. No 28; Pl. no. 38,"Duveen, James Henry, ""Art Treasures and Intrigue,"" 1935",H.d.G. 28,B. 10; H. 10,,
https://www.gardnermuseum.org/experience/collection/10966,Vermeer  Johannes  1632-1675,The Concert,Attributed to Vermeer,"Gowing 1970, pp. 37-39, 123-124; Blankert 1978, no. 17; Slatkes 1981, p. 66; Wheelock 1981, pp. 120-123; Nash 1991, p. 123; Wheelock 1995a, ch. 11; Washington and The Hague 1995-96, pp. 17, 37-38; Liedtke 2000, pp. 245-247; Goodman 2001, pp. 85-88; New York and London 2001, p. 163",,Burger 23; HdG 29; De Bries 14: 1658-60; Bloch: 1660; Goldscheider 14: 1662,"Th. B. no. 23; H. no. 26; H.d.G. no. 29; Pl. no. 22; W. Burger(-Thore), Nouvelles etudes sur la Galerie Suermondt, in: G.d.B.-A., 1869, I, p. 171",Th. B. no. 23; H. no. 26; H.d.G. no. 29; Pl. no. 9,"Wilenski, R. H., An Introduction to Dutch Art, London and New York, 1929, p. 44; Dr. W.R. Valentiner, ""Vermeer and the Masters od Dutch Genre Painting,"" The Pantheon, October, 1932",,B. 23; H. 26,,"A.J. Paillet and Gregoire-Hippolyte Delaroche, Catalogue de la celèbre collection de tableaux de M. van Leyden, Paris, September 10, 1804"
"https://www.rijksmuseum.nl/en/vermeers-the-little-street-discovered/objects#/SK-C-251,1",Vermeer  Johannes  1632-1675,Woman in Blue Reading a Letter,Attributed to Vermeer,"pp. 112-14, 195-96, cat. no. 17 ; Gowing 1970, pp. 45-46; Blankert 1978, pp. 42-43, and no. 14; Slatkes 1981, p. 59; Wheelock 1981, p. 104; Nash 1991, pp. 90-92; Wheelock 1995a, pp. 7-19; Washington and The Hague 1995-96, no. 9; Liedtke 2000, pp. 238-39; New York and London 2001, pp. 161-62, 166; Wheelock 2001, pp. 41-48; Vergara 2003, pp. 52-53",,Burger 32; HdG 31; De Vries C: 1662-63; Bloch: 1660-65; Goldscheider 17: 1664,Th. B. no 32; H. no. 35; HdG. no. 31; Pl. no. 23,Th. B. no. 32; H. no. 35; H.d.G. no. 3; Pl. no. 1,,"Vincent van Gogh, ""Letters,"" p. 62","B. 32; H. 35; Groot cites Waagen, iii. 26; Rijksmusuem, Amsterdam, Van der Hoop bequest, 1905 catalogue, No. 2527",,"Musées de la Hollande, by W.B., t. II, p. 67; M. Waagen, Manuel, t. III, p. 26"
http://www.smb-digital.de/eMuseumPlus?service=direct/1/ResultLightboxView/result.t1.collection_lightbox.$TspTitleImageLink.link&sp=10&sp=Scollection&sp=SfieldValue&sp=0&sp=0&sp=3&sp=Slightbox_3x4&sp=0&sp=Sdetail&sp=0&sp=F&sp=T&sp=9,Vermeer  Johannes  1632-1675,Woman with a Pearl Necklace,Attributed to Vermeer,"Blankert 1978, pp. 42-43 and no. 13; Slatkes 1981, p. 53; Wheelock 1981, p. 110; Nash 1991, pp. 101-2; Washington and The Hague 1995-96, no. 12; Liedtke 2000, pp. 236-38; New York and London 2001, pp. 17, 161-62",,Burger 33; HdG 20; De Bries 18: 1662-63; Bloch: 1665; Goldscheider 18: 1665,Th. B. no. 33; H. no. 36; HdG. No. 20; Pl. no. 14,Th. B. no. 33; H. no. 36; H.d.G. no. 20; Pl. no. 5,"Hale cites the article ""A Wanderer among Pictures"" by E.V. Lucas",H.d.G. 20; Hale cites Alfred Stevens,"B. 33; H. 36; Kaiser Friedrich Museum, Berlin, 1904 catalogue, No. 912 B. ",,
https://www.nga.gov/collection/art-object-page.1236.html,Vermeer  Johannes  1632-1675,Woman with a Balance,Attributed to Vermeer,"Blankert 1978, no. 15; Slatkes 1981, pp. 55-56; Wheelock 1981, pp. 106-8; Philadelphia, Berlin and London 1984, no. 118; Nash 1991, pp. 98-101; Wheelock 1995a, ch. 9; Wheelock 1995b, pp. 371-77; Washington and The Hague 1995-96, no. 10; De Jongh 1998, pp. 360-62; Liedtke 2000, pp. 233-37; New York and London 2001, no. 73",,Burger 26/27; HdG 10; De Bries 17: 1662-63; Bloch: 1660-65; Goldscheider 21: 1665,"Th. B. no. 27; H. no. 30; HdG. No. 10; Pl. no. 9; Wilhelm von Bode, Jan Vermeer und Pieter de Hooch als Konkurrenten, in: Jb.d.pr.K. XXXII, 1911, p. 1-2; Theodor von Frimmel, A woman weighing pears by Vermeer of Delft, in: B.M., XXII, 1912-13, p. 48-49; C. Hofstede de Groot, A newly discovered picture by Vermeer of Delft, in: B.M., 1910-11, p. 133-134; Antiquitatenrundschau, IX, 1911, no. 1; Der Cicerone, II, 1910, p. 845","Th. B. no. 27; H. no. 30; H.d.G. no. 10; Pl. no. 35; W. Bode, Jan Vermeer und Pieter de Hooch als Konkurrenten, Pr. Jahrb., XXXII, 1911, p. 1-2; Th. Von Frimmel, A woman weighing pearls by Vermeer van Delft, Burl. Mag. 1912-13, p. 48-49; C. Hofstede de Groot, A newly discovered picture by Vermeer of Delft, Burl. Mag. 1910-11, p. 133-34.","Groot, Hofstede de, A Catalogue Raisonee of the works of the Most Eminent Dutch Painters of the Seventeenth Century, vol 1. 1907. ""Johannes Vermeer"" pp. 586-87, cat. no. 10; Groot Hofstede de, Burlington Magazine, December 1910",H.d.G. 10,B. 26 and 27; H. 29 and 30,,"Sale, Paris, Laperière Collection, 1825, as Gabriel Metsu; Sale, London, M. Casimir Perier, 1848, no. 7"
https://www.nga.gov/collection/art-object-page.46437.html,Vermeer  Johannes  1632-1675,A Lady Writing,Attributed to Vermeer,"Blankert 1978, p. 54 and no. 20; Slatkes 1981, p. 70; Wheelock 1981, pp. 124-26; The Hague and San Francisco 1990-91, no. 67; Frankfurt 1993-94, no. 85; Wheelock 1995b, pp. 377-82; Washington and The Hague 1995-96, no. 13; Gifford 1998, pp. 189-92; Liedtke 2000, pp. 239-42; New York and London 2001, pp. 162-63, 167; Vergara 2003, pp. 54-55; Dublin an dGreenwich 2003-4, no. 38",,Burger 40; HdG 36; De Bries 19: 1663-64; Bloch: 1665; goldscheider 20: 1665,"Th. B. no. 40; H. no. 43; HdG. no. 36; Pl. no. 28; Der Cicerone, II, 1910, p. 109-110","Th. B. no. 40; H. no. 43; H.d.G. no. 36; Pl. no. 31; V. Bloch, Die Kleine Briefleserin, Cicerone, XX, 1928, p. 357-60",,H.d.G. 35 or 36; ,B. 40; H. 43,,"Sale of 1696, no. 1, Sale in Amsterdam, 1701; Catalogue of the Sale in La Haye, 1780, no. 97; Catalogue by Henry, no. 130; Burger cites M. Horsin; Sale catalogue of the Collection of M. Casimir Perier, 1848, no. 7"
https://collections.frick.org/objects/274/mistress-and-maid,Vermeer  Johannes  1632-1675,Mistress and Maid,Attributed to Vermeer,"Gowing 1970, pp. 146-47; Blankert 1978, pp. 54-55 and no. 21; Slatkes 1981, p. 81; Wheelock 1981, p. 134; Nash 1991, pp. 22, 82, 84; Wheelock 1995a, ch. 14; Liedtke 2000, pp. 241, 242; New York and London 2001, p. 393; Vergara 2003, pp. 55-56",,Burger 8; HdG 33. De Bries 25: 1666-67; Bloch: 1665-70; Goldscheider 29: 1670,"Th. B. no. 8; H. no. 8; HdG. No. 33; Pl. no. 25; Leon Lagrange, in: G.d.B.-A., 1859, II, p. 60-61; ""The Letter"" by J. Vermeer of Delft, in: B.M., VIII, 1905-1906, p. 298 et 360; B.M., IX, 1906, p. 286; B.M., X, 1906-07, p. 327; Jan Verth, Vermeers Dame mit der Magd bei James Simon, in: Kunstchronik, n.s., XX, 1908-09, col. 169-170","Th. B. no. 8; H. no. 8; H.d.G. no. 33; Pl. no. 8; Jan Veth, Vermeers Dame mit der Magd bei James Simon, Kunstchr., 1909, p. 169-70",,,"B. 8; H. 8; L. Lagrange, Gazette des Beaux Arts, 1859 and 1861; M. Chaumelin, Tresors d'Art de la Provence, 1862; engraved in Petite Galerie Lebrun, 1809",,
https://www.mauritshuis.nl/en/explore/the-collection/artworks/girl-with-a-pearl-earring-670/,Vermeer  Johannes  1632-1675,Girl with a Pearl Earring,Attributed to Vermeer,"Gowing 1970, pp. 137-39; Blankert 1978, p. 46 and no. 18; Slatkes 1981, p. 69; Wheelock 1981, p. 118; Nash 1991, pp. 19, 31-34; Wadum aet al. 1995, pp. 18-29; Washington and The Hague 1995-96, no. 15; Groen et al. 1998; Liedtke 2000, pp. 243-45; New York and London 2001, pp. 389, 392-93; Broos and Van Suchtelen 2004, no. 59",,HdG 44; De Vries B: 1660; Bloch: 1660-65; Goldscheider 23: 1665,"HdG. no. 44; Pl. no. 37; Alb. Plasschaert, Het Meisjekopje van Vermeer, in: De Kroniek, IX, 1912, no. 1","H.d.G. no. 28; Pl. no. 38; Alb. Plasschaert, Het Meisjeskopje van Vermeer, Kroniek, IX, 1922, no. 1.","Wilenski, R. H., An Introduction to Dutch Art, London and New York, 1929",H.d.G. 44,"Royal Picture Gallery, The Hague, summary catalogue of 1904, No. 670",,
https://www.metmuseum.org/art/collection/search/437879,Vermeer  Johannes  1632-1675,Study of a Young Woman,Attributed to Vermeer,"Gowing 1970, p. 138; Fahy 1973, no. 32; Blankert 1978, p. 59 and no. 30; Slatkes 1981, p. 104; Wheelock 1981, p. 132; Liedtke 2000, pp. 243-44; New York and London 2001, no. 75; Fahy et al. 2005, pp. 131-35; Liedtke 2007, pp. 888-93 (with summaries of all earlier references) ",,Burger 2; HdG 42; De Bries 15: 1660; Bloch: 1660-63; Goldscheider 34: 1671,Th. B. no. 2; H. no. 2; HdG. no. 42; Pl. no. 35,Th. B. no. 2; H. no. 2; H.d.G. no. 42; Pl. no. 11,,H.d.G. 42,"B. 2; H. 2; Groot cites Waagen (iii. 26) and W. Burger's 1859 catalogue, No. 35",,"M. Waagen, Manuel, t. III, p. 26"
https://www.nga.gov/collection/art-object-page.60.html,Vermeer  Johannes  1632-1675,Girl with a Red Hat,Attributed to Vermeer,"Seymour 1964, pp. 326-28; Gowing 1970, pp. 146, 147 n. 120; Blankert 1978, p. 172, no. B3; Slatkes 1981, p. 97; Wheelock 1981, p. 130; Wheelock 1995a, ch. 12; Wheelock 1995b, pp. 382-87; Washington and The Hague 1995-96, no. 14.; Liedtke 2000, pp. 242-45; New York and London 2001, no. 74",,"Burger 47; HdG 46A; De Vries 22: 1664; Bloch, ill. 56; Goldscheider 25: 1667","Th. B. sous no. 47; HdG. no. 46a; Pl. no. 38; Tancred Borenius, The new Vermeer, in: Apollo, II, 1925, p. 125-126; C.R. Grundy, the new discovered Vermeer, in: The Conoisseur, LXXIII, 1925, p. 116-119; P. Lavallee, Un tableau inconnu de Vermeer, in: La Revue de l'Art ancien et moderne, XLVII, 1925, p. 323-324; The Art News, XXIII, 1924-1925, no. 40; Emil Waldmann, Ein neues Bild von Jan Vermeer van Delft, in: Kunst und Kunstler, XXIV, 1926, p. 174 et 186-187; Pantheon, I, 1928, p. 270-272","Th. B. onder no. 47; T. Borenius, The new Vermeer, ApolloII, 1925, p. 125-26; C.R. Grundy, The new-discovered Vermeer, Connoisseur, 1925, p. 116-19; P. Lavallee, Un tableau inconnu de Vermeer, Rev. Art. Anc., 1925, p. 323-24; E. Waldmann, Ein neues Bild von jan Bermeer van Delft, Kunst und Kunstler, 1926, p. 174, 186-87",,,,,
https://www.nga.gov/collection/art-object-page.1237.html,Vermeer  Johannes  1632-1675,Young Girl with a Flute,Attributed to Vermeer,"Gowing 1970, p. 146; Blankert 1978, pp. 73-74, 172, no. B4; Slatkes 1981, p. 98; Wheelock 1981, p. 156; Wheelock 1995b, pp. 387-93; Washington and The Hague 195-96, no. 23; Liedtke 2000, pp. 244-45",,"HdG 22 d; De Vries: 1664; Bloch, ill. 57; Goldscheider 26: 1667","HdG. no. 22; Pl. no. 39; Abraham Bredius, Der 36. (oder 37.?) Delfter Vermeer, in: Kunstchronik, n.s., XVIII, 1906-07, col. 385-386; Kurt Freise, Der neue Vermeer, in: Z.F.B.K., n.s., XVIII, 1907, p. 277-278; Theodor von Frimmel, in: Blatter fur Gemaldekunde, III, 1907, p. 198 et IV, 1908 p. 27; Wilhelm Martin, Jan Vermeer van Delft, Het Jeisje met de fluit, in: Onze Kunst, VI, 1907, no. 3, p. 20-24; Wilhelm Martin, La Jeune Fille a la flute de Vermeer de Delft, in: L'Art flamand et hollandais, VIII, 1907, p. 20-23; R.R. Tatlock, Vermeer's ""Girl with a flute,"" in: B.M., XXXIX, 1921, p. 28-33","H.d.G. no. 22d; Pl. no. 13; A. Bredius, Der 36 (oder 37?) Delfter Vermeer, Kunstchr. NF., XVIII, 1907, p. 385-86; K. Freise, Der neue Vermeer, Zeitschr. F. Bild. K., 1907, p. 277-78; W. Martin, Jan Vermeer van Delft, Het meisje met de fluit, Onze Kunst, 1907, p. 20-24; Idem, Art flam., 1907, p. 20-23; R.R. Tatlock, Vermeer's Girl with a flute, Burl. Mag. 1921, p. 28-33",,,,,
https://www.khm.at/en/objectdb/detail/2574/?offset=0&lv=list,Vermeer  Johannes  1632-1675,The Art of Painting,Attributed to Vermeer,"Gowing 1970, pp. 139-44; Blankert 1978, pp. 46-49 and no. 19; Slatkes 1981, pp. 77-78; Wheelock 1981, pp. 2, 128; Nash 1991, pp. 119-26; Asemissen 1993; Arasse 1994, pp. 40-58; Wheelock 1995a, ch. 13; Hertel 1996, pp. 167-70, 176-86, 200-204; Miedema 1998; Sluijter 1998; Liedtke 2000, pp. 247-51; New York and London 2001, no. 76",,Burger 5; HdG 8; De Vries 23: 1665; Bloch: 1665-70; Goldscheider 24: 1666,"Th. B. no. 5; H. no. 5; HdG. no. 8; Pl. no. 4; Karl Wilczek, Katalog der Graf Czerninschen Gemaldegalerie in Wein, Wien 1936, no. 117",Th. B. no. 5; H. no. 5; H.d.G. no. 8; Pl. no. 37,"Hale cites writing dated 1866 by Professor G.F. Waagen, Director of the Royal Gallery of Paintings in Berlin; Thore-Burger, Theophile, ""Van der Meer de Delft,"" in Gazette des Beaux-Arts 21 (October-December 1866)",H.d.G. 8,"B. 5; H. 5; Groot cites Waagen, iii. 27.",,"Gallery of Count Czernin, Vienna(as Pieter de Hooch) ; M. Waagen, Manuel, t. III, p. 27; Louis Viardot, Musées d'Allemagne, (New Edition) 1860, p. 244"
https://sammlung.staedelmuseum.de/en/work/the-geographer,Vermeer  Johannes  1632-1675,The Geographer,Attributed to Vermeer,"Gowing 1970, pp. 148-51; Welu 1975, pp. 543-47; Blankert 1978, p. 55 and no. 24; Slatkes 1981, pp. 85-86; Wheelock 1981, pp. 13, 136-38; Welu 1986; Nash 1991, pp. 104, 106; Washington and The Hague 1995-96, pp. 41, 53 and no. 16; Frankfurt 1997; Liedtke 2000, pp. 262-63, 295 nn. 276-88; Van Berkel 2001, pp. 138-39; New York and London 2001, p. 167",,Burger 34; HdG 5; De Bries 28: 1669; Bloch: 1668 [sic!]; Goldscheider 28: 1669,"Th. B. no. 34; H. no 37; HdG. no. 5; Pl. no. 7; Paul Mantz, Le Cabinet de M.A. Dumont a Cambrai, in: G.d.B.-A, 1860, II, p. 303-305 ",Th. B. no. 34; H. no. 37; H.d.G. no. 5; Pl. no. 17,"Dobell, Clifford, F.R.S., Antony van Leeuwenhoek and His ""Little Animals,"" London and New York, 1932",Hale cites M. Vanzype,"B. 34; H. 37; Stadel'sches Kunstinstitut, Frankfort-on-Main, 1900 catalogue, No. 217",,"Paul Mantz, Gazette, t. VIII, p. 304; l'Histoire des peintres, engraving"
https://upload.wikimedia.org/wikipedia/commons/0/0e/Johannes_Vermeer_-_The_Astronomer_-_WGA24685.jpg,Vermeer  Johannes  1632-1675,The Astronomer,Attributed to Vermeer,"Gowing 1970, pp. 147-51; Welu 1975, pp. 544-47; Blankert 1978, p. 55 and no. 23; Slatkes 1981, p. 82; Wheelock 1981, pp. 13, 136-38; Welu 1986; Nash 1991, pp. 104, 106; Washington and The Hague 1995-96, pp. 41, 53, 172, 174; Frankfurt 1997; Liedtke 2000, pp. 262-63, 295 nn. 276-88; New York and London 2001, p. 167",,Burger 36; HdG 6; De Bries 27: 1668; Bloch: 1688; Goldscheider 27: 1668,"Th. B. no. 36; H. no. 39; HdG. No. 6; Pl. no. 8; W. Burger(-Thore), Nouvelles Etudes sur la Galerie Suermondt, in: G.d.B.-A., 1869, I, p. 171",Th. B. no 36; H. no. 29; H.d.G no. 6; Pl. no. 33,,,B. 36; H. 39,,Personal letter by M. Mundler 
https://www.louvre.fr/en/oeuvre-notices/lacemaker,Vermeer  Johannes  1632-1675,The Lacemaker,Attributed to Vermeer,"Gowing 1970, pp. 144-45; Blankert 1978, no. 26; Slatkes 1981, p. 94; Wheelock 1981, p. 144; Nash 1991, pp. 31, 110-13; Blankert and Grijp 1995; Washington and The Hague 1995-96, p. 40 and no. 17; Liedtke 2000, pp. 256-57; New York and London 2001, p. 164",,Burger 37; HdG 11; De Vries D: 1664; Bloch: 1665-70; Goldscheider 22: 1665,Th. B. no. 37; H. no. 40; HdG. no. 11; Pl. no. 10,Th. B. no 37; H. no. 40; H.d.G. no. 11; Pl. no. 32,"Hale cites Dr. Hofstede de Groot and W.R. Valentiner; Fell, H. Granville, Vermeer, London and Edinburgh, 1933",H.d.G. 11,"B. 37; H. 40; Louvre, paris, 1902 catalogue, No. 2456",,"Musées de la Hollande, par. W.B., t. II, p. 71"
"https://www.rijksmuseum.nl/en/vermeers-the-little-street-discovered/objects#/SK-A-1595,3",Vermeer  Johannes  1632-1675,The Love Letter,Attributed to Vermeer,"Gowing 1970, pp. 56-59, 152; Van Thiel 1972; Welu 1975, p. 533; Blankert 1978, pp. 53-54 and no. 22; Slatkes 1981, pp. 73-74; Wheelock 1981, pp. 140-41; Nash 1991, p. 82; Washington and The Hague 1995-96, no. 18; Liedtke 2000, pp. 111, 162-63, 252-54; Goodman 2001, pp. 76-78; Vergara 2003, pp. 56-57; Dublin and Greenwich 2003-4, no. 38bis",,HdG 32; De Vries 24: 1666; Bloch: 1665-70; Goldscheider 31: 1670,HdG. no. 32; Pl. no. 24, H.d.G. no. 32; Pl. no. 2,"Hale cites Eduard Plietzsch and an article written in ""Pantheon"" by W.R. Valentiner",H.d.G. 32,"Rijksmuseum, Amsterdam, 1905 catalogue, No. 2528",,
https://www.nationalgallery.ie/art-and-artists/highlights-collection/woman-writing-letter-her-maid-johannes-vermeer,Vermeer  Johannes  1632-1675,Lady Writing a Letter with her Maid,Attributed to Vermeer,"Gowing 1970, pp. 153-54; Blankert 1987, p. 56 and no. 27; Slatkes 1981, p. 101; Wheelock 1981, p. 146; Nash 1991, pp. 84, 86; Wheelock 1995a, ch. 16; Washington and The Hague 1995-96, p. 39 and no. 19; Vergara 1998; Liedtke 2000, pp. 254-56; Nevitt 2001, pp. 105-6; New York and London 2001, pp. 167, 168; Vergara 2003, pp. 57-58; Dublin and Greenwich 2003-4, no. 39",, HdG 35; De Vries 16: 1660-62; Bloch: 1665-70; Goldscheider 30: 1670,H. no. 44; HdG. no. 35; Pl. no. 27,H. no. 44?; H.d.G no. 35; Pl. no. 24,,,"B. 8 and 40A; H. 44; Groot cites Oud Holland, x. 231, 236; E. Sedelmeyer, ""Catalogue of 300 Paintings,"" 1898, No. 86",,"Leon Lagrange, Gazette des Beaux-Arts, 1859; Leon Lagrange, Gazette des Beaux-Arts, 1861; Marius Chaumelin, Tresors d'art de la Provence, Paris and Marseille, 1862."
https://www.metmuseum.org/art/collection/search/437877,Vermeer  Johannes  1632-1675,Allegory of Faith,Attributed to Vermeer,"Blankert 1978, no. 29; Slatkes 1981, pp. 106-9; Wheelock 1981, p. 148; Arasse 1994, pp. 17-25, 83-86, etc.; Washington and The Hague 1995-96, no. 20; Hertel 1996, pp. 205-29; Liedtke 2000, pp. 260-62; New York and London 2001, no. 77; Liedtke 2007, pp. 893-902 (with summaries of all earlier references)",,Burger 41; HdG 2; DeVries 29: 1669-70; Bloch: after 1670; Goldscheider 37: 1672,"Th.B. no. 41; H. no. 46; HdG. no. 2; Pl. no. 3; A.J. Barnouw, Vermeers zogenaamd ""Novum Testamentum,"" in: O.H., XXXII, 1914, p. 50-54","Th. B. no. 41; H. no. 46; H.d.G. no. 2; Pl. no. 20; A.J. Barnouw, Vermeers zoogenaamd ""Novum Testamentum,"" Oud-Holland, 1914, p. 50-54","""The Friedsam Collection of Paintings,"" Bulletin of the Metropolitan Museum, November, 1932",Hale cites Dr. Bredius,B. 41; H. 46,,
https://www.nationalgallery.org.uk/paintings/johannes-vermeer-a-young-woman-standing-at-a-virginal,Vermeer  Johannes  1632-1675,Young Woman Standing at a Virginal,Attributed to Vermeer,"Gowing 1970, pp. 155-57; Blankert 1978, p. 59 and no. 25; Slatkes 1981, p. 88; Wheelock 1981, p. 152; MacLaren/Brown 1991, pp. 466-68; Nash 1991, pp. 114-18; Washington and The Hague 1995-96, no. 21; Liedtke 2000, pp. 257-60, 294 nn. 252, 260; New York and London 2001, no. 78",,Burger 29; HdG 23; De Bries 30: 1670; Bloch: late; Goldscheider 35: 1671,"Th. B. no. 29; H. no. 32; HdG. no. 23; Pl. no. 15; P. Alfassa, Les Vermeers de la Galerie Nationale de Londres, in: La Revue de l'Art ancien et moderne, XX, 1911, p. 401-408; M. Rooses, in: Elsevier's geillustreerd Maandschrift, 1898, p. 352-360","Th. B. no. 29; H. no. 32; H.d.G. No. 23; Pl. no. 22; P. Alfassa, Les Vermeers de la Galerie Nationale de Londres, Rev. Art. Anc., 1911, p. 401-8; M. Rooses, Elsevier, 1898, p. 352-60","Groot, Hofstede de, A Catalogue Raisonee of the works of the Most Eminent Dutch Painters of the Seventeenth Century, vol 1. 1907. ""Johannes Vermeer.""","H.d.G. 23, 24, or 25","B. 29; H. 32; National Gallery, London, 1906 catalogue, no. 1383",,
https://www.nationalgallery.org.uk/paintings/johannes-vermeer-a-young-woman-seated-at-a-virginal,Vermeer  Johannes  1632-1675,Young Woman Seated at a Virginal,Attributed to Vermeer,"Gowing 1970, pp. 155-57; Blankert 1978, p. 59 and no. 31; Slatkes 1981, pp. 91-92; Wheelock 1981, p. 154; MacLaren/Brown 1991, pp. 468-69; Nash 1991, pp. 114-16; Washington and The Hague 1995-96, no. 22; Liedtke 2000, pp. 257-60, 294 n. 252; New York and London 2001, no. 79",,Burger 30; HdG 25; De Vries 31: after 1670; Bloch: pendant of cat. 25; Goldscheider 36: 1671,"Th. B. no. 30; H. no. 33; HdG. No. 25; Pl. no. 17; P. Alfassa, Les Vermeers de la Galerie  Nationale de Londres, in: La Revue de l'Art ancien et moderne, XX, 1911, p. 401-408","Th. B. no. 30; H. no. 33; H.d.G. no. 25; Pl. no. 23; P. Alfassa, Les Vermeers de la Galerie Nationale de Londres, Rev. Art. Anc., 1911, p. 401-8","Thore-Burger, Theophile, ""Van der Meer de Delft,"" in Gazette des Beaux-Arts 21 (October-December 1866); Groot, Hofstede de, A Catalogue Raisonee of the works of the Most Eminent Dutch Painters of the Seventeenth Century, vol 1. 1907. ""Johannes Vermeer."" ","H.d.G. 23, 24, or 25","B. 30; H. 33; Groot cites Parthey (ii. 98); Ch. Sedelmeyer, ""Catalogue of 300 Paintings,"" 1898, No. 85",,
https://www.english-heritage.org.uk/visit/places/kenwood/history-stories-kenwood/history/collections/,Vermeer  Johannes  1632-1675,The Guitar Player,Attributed to Vermeer,"Swillen 1950, pp. 154-55; Gowing 1970, pp. 20, 53, 55-56, 155-56; Blankert 1978, pp. 56-57 and no. 28; Slatkes 1981, p. 102; Wheelock 1981, p. 150; Montias 1989, pp. 197, 217, 260 n. 54; Wheelock 1995a, ch. 15; Washington and The Hague 1995-96, pp. 31, 47; Costaras 1998, pp. 148-50, 166-167; Weber 1998, pp. 295, 297; Goodman 2001, pp. 79-82; New York and London 2001, pp. 86, 151",,HdG 26; De Vries 26: 1667; Bloch: 1665-70; Goldscheider 32: 1670,"Th. B. no. 28 (?); H. no. 32 (?); HdG. No. 26 (?); Pl. no. 18; R.R. Tatlock, Old master exhibition at Messrs. Agnew, in: B.M., XLII, 1923, p. 54; Apollo, Vii, 1928, p. 6s; The Art News, XXVI, 1928, no. 16 et 18; The Studio, XCV, 1928, p. 161 et 166; Emil Waldmann, Die Bildersammlung des Earl of Iveagh in London, in: Der Cicerone, XX, 1928, p. 564; R.R. Tatlock, Vermeer's Guitar Player, in: B.M., LII, 1928, p. 41-42; Eduard Trautscholdt, Vermeer's Guitar Player, in: B.M., LII , 1928, p. 156","Th. B. no. 28?; H. no. 32? R. R. Tatlock, Vermeer's Guitarplayer, Burl. Mag. 1928, p. 41-42; Ed. Trautscholdt, l.c., p. 156","Groot, Hofstede de, A Catalogue Raisonee of the works of the Most Eminent Dutch Painters of the Seventeenth Century, vol 1. 1907. ""Johannes Vermeer.""; A.C.R. Carter, Burlington Magazine, December 1927; Edward Trautscholdt, Burlington Magazine, March 1928; Hale cites quotes by Mr. R.R. Tatlock, editor of Burlington Magazine and Mr. Royal Cortissoz, as well as a letter dated February 28, 1936 written by Dr. W.R. Valentiner, Director of the Detroit Institute of Arts",,,,
https://www.theleidencollection.com/artwork/young-woman-seated-at-a-virginal/,Vermeer  Johannes  1632-1675,A Young Woman Seated at the Virginals,Attributed to Vermeer,"Hofstede de Groot 1907-27, vol. 1, pp. 592-93, no. 24; Hale 1913, p. 275, ill. opposite p. 144; De Vries 1939, p. 95, no. 43.; De Vries 1948, pp. 65, 98; Swillen 1950, pp. 63, 108, 154, no. 30; Goldscheider 1967, no. 33; Gowing 1970, p. 157; Wright 1976, pp. 15, 69; Wheelock 1981, p. 45; Duchting 1996, p. 176; Broos 1998, p. 27; Liedtke 2000, p. 294  n. 252; New York and London 2001, pp. 403, 406 n. 11; Sotheby's 2004, pp. 24-45, no. 8 (with extensive literature); Sheldon and Costaras 2006",,,"HdG. no. 24; Pl. no. 25; Ph. L. Hale, Jan Vermeer of Delft, nouv. Ed., London 1937, no. 34", H.d.G. no. 24; Pl. no. 25,,"H.d.G. 23, 24, or 25",,,
https://commons.wikimedia.org/wiki/File:E._Boursse_Bellenblazers.gif,"Boursse, Esaias 1631-1672",Boy blowing Soap-Bubbles,Formerly Attributed to Vermeer,,,,,,,,,,
https://www.mutualart.com/Artwork/Portrait-of-a-boy-in-a-white-shirt/B31CCD9A4F84009D,"Braij, Jan de 1627-1697 attributed to",Boy with White Shirt,Formerly Attributed to Vermeer,,,,,,,,,,
https://emuseum.hydecollection.org/objects/76/girl-with-blue-bow?ctx=25e40990-9faa-4ad0-bdf4-01712d39ff9c&idx=0,Vermeer Johannes 1632-1675 attributed to,Bust Portrait of a Young Girl,Formerly Attributed to Vermeer,,,,"T. Borneius, Old Masters at the Ver Meer Gallery, in: Burlington Magazine., LXVI, 1935, pp. 298-99; G. Isarlo, Vermeer a l'Exposition de Rotterdam, in: La Renaissance de l'Art, XVIII, 1935, p. 94-111; Ph. L. Hale, Jan Vermeer of Delft, new ed. London 1927, no. 37","T. Borenius, Old Masters at the Vermeer Gallery, Burl. Mag. 1935, p. 298-299","F. Davis, ""An Auctioned 'Ugly Duckling becomes a Swan: a Vermeer Revealed,"" Illustrated London News, April 20, 1935; T. Borneius, Burlington Magazine, June 1935; Hale cites writings dated September 27, 1935 by W.R. Valentiner",,,,
https://www.wikidata.org/wiki/Q20010850#/media/File:Pieter_de_Hooch_-_Soldiers_Playing_Cards_-_WGA11685.jpg,Hooch Pieter de 1629-1684,Card Players,Formerly Attributed to Vermeer,,,,,,"Groot, Hofstede de, A Catalogue Raisonee of the works of the Most Eminent Dutch Painters of the Seventeenth Century, vol 1. ""Pieter de Hooch."" pp. 548-49 (264)","Groot, Hofstede de, A Catalogue Raisonee of the works of the Most Eminent Dutch Painters of the Seventeenth Century, vol 1. ""Pieter de Hooch."" pp. 548-49 (264)","Thore-Burger, Theophile, ""Van der Meer de Delft,"" in Gazette des Beaux-Arts 21 (October-December 1866) p. 550 (12)",Havard cites the catalogue of the Smith Collection ,"Sale catalogue of van Cuyck, Paris, 1866; Catalogue of the Smith Collection, no. 26"
https://www.museumdefundatie.nl/en/explore-the-collection/object/?pagina=0&id=0&vervaardigers=&techniek=&datums=&query=van+meegeren,"Meegeren Han van, 1889-1947",Christ and the Adulteress ,Formerly Attributed to Vermeer,,,,,,,,,,
https://www.boijmans.nl/en/collection/artworks/101464/the-men-at-emmaus,"Meegeren Han van, 1889-1947",Christ at Emmaus,Formerly Attributed to Vermeer,,,,"A. Bredius, A new Vermeer, in: B.M., LXXI, 1937, p. 211; A. Bredius, Nog een woord over Vermeer's Emmausgangers, din: O.H., LV, 1938, p. 97-99; D. Hannema, in: Jaarsverslag Museum Boymans, Rotterdam 1937, p. 2 s.; In: The Art News, XXXVI, 193/38, p. 8; A. Feulner, Das Emmausbild von Vermeer, in: Z.f.K., VII, 1938, p. 345-47; H. Gersmon, Masterpieces of four centuries, 1400-1800, Boymans Mueum, Rotterdam, in: B.M., LXXXIII, 1938, p. 86; S. Mac Greevy, in: The Studio, CXVI, 1938, p. 265s.; A.M. Hammacher, De Emmausgangers van Johannes Vermeer en Rembrandt, in: BeeldendeKunst, August 1938; J.L.A.A.M. van Rijckevorsel, Vermeer en Caravaggio, in: Historia IV, 1938, p. 249s. and no special july 1938, p. 20-24; C. Veth, in: Maandblad voor Beeldende Kunsten, XV, 1938, p. 286-87; Lo Duca, Un nuovo Vermeer di Delft, in: Emporium, Weekblad, 1939; H. van Guldener, in: Holl. Weekblad, 2 December 1939; J.V.C. Hefting, in: De Delver, 1939; M. van Dantzing, Johannes Vermeer, de ""Emmausgangers"" en de Critici, Leiden-Amsterdam 1947","A. Bredius, A New Vermeer, Burl. Mag. 1937, p. 211; A. Bredius, Nog een voord over Vermeer's Emmausgangers, Out-Holland, 1938, p. 97-99; Adolf Feulner, Das Emmausbild von Vermeer, Zeitschr. F. Kunstgesch., 1938, p. 345-47; A.M. Hammacher, De Emmaugangers van Johannes Vermeer en Rembrandt, Beeldende Kunst, 1938, Speciaal Nummer, p. 20-24; A.B. de Vries, Noch einmal Vermeer und Caravaggio, Pantheon, 1938, p. 286-87.",,,,,
,Hooch Pieter de 1629-1684 attributed to,Concert Party of Four Persons,Formerly Attributed to Vermeer,,,,,,,,,Harvard cites M. Cremer and W. Burger,Personal letter of M. Cremer
,Vermeer Johannes 1632-1675 attributed to,Conversation Piece,Formerly Attributed to Vermeer,,,,,,"Bredius, A., Burlington Magazine, October 1932",,,,
https://rkd.nl/en/explore/images/record?query=Reyer+Jacobsz.+van+Blommendael&start=5,"Blommendael, Reyer Jacobsz. Van, 1628-1675","Diana and her nymphs, resting after the hunt",Formerly Attributed to Vermeer,,,,,,,,,,
https://rkd.nl/en/explore/images/record?query=Johannes+Natus&start=1,"Natus Johannes, 1658-1662",Drinking and Smoking Group at a Table at a Yard,Formerly Attributed to Vermeer,,,,,,,,,,
,Vermeer Johannes 1632-1675 attributed to,Disasterous Landscape,Formerly Attributed to Vermeer,,,,,,,,,,
"Due to the constraints of the CSV format, no image can be displayed. For more information on this image, contact photoarchive@frick.org.",Unknown Artist,Dutch Room,Formerly Attributed to Vermeer,,,,,,,,,,
,Vermeer Johannes 1632-1675 attributed to,Entrance to the Woods,Formerly Attributed to Vermeer,,,,,,,,,,
,Vermeer Johannes 1632-1675 attributed to,Entrance to the Woods,Formerly Attributed to Vermeer,,,,,,,,,,"Musée de Bâle, catalogue, 1862, no. 285 (as Jacob van Ruisdael)"
"http://www.akademiegalerie.at/de/Sammlung/Bildinformation/?image_name=77&active_image=20&GALLERY_ORDER=11,110,92,102,37,63,13,113,56,68,70,60,93,16,89,23,79,64,28,20,77,6,74,87,98,12,42,59,49,4,33,10,26,46,84,15,100,91,78,88,83,47,94,104,22,31,107,96,44,35,108,43,19,40,66,36,53,9,24,82,55,30,67,97,14,32,95,85,7,106,111,112,90,86,65,51,21,99,17,27,80,2,18,61,81,50,103,75,45,58,105,73,39,1,38,57,54,5,101,71,3,52,34,72,76,109,69,48,41,25,29,62,8&mode=28&ART_Name=0&&ARTIST_Name=&GENRE_Name=&opener=http://www.akademiegalerie.at/de/Sammlung/Virtuelle%20Galerie/&final=",Hooch Pieter de 1629-1684,Family in the Courtyard of a House,Formerly Attributed to Vermeer,,,,,,"Groot, Hofstede de, A Catalogue Raisonee of the works of the Most Eminent Dutch Painters of the Seventeenth Century, vol 1. ""Pieter de Hooch."" pp. 565-66 (321)","Groot, Hofstede de, A Catalogue Raisonee of the works of the Most Eminent Dutch Painters of the Seventeenth Century, vol 1. ""Pieter de Hooch."" pp. 565-66 (321)","Long ascribed in error to J. Vermeer by Erasm. Engert, Waagen, and Burger (Thore-Burger, Theophile, ""Van der Meer de Delft,"" in Gazette des Beaux-Arts 21 (October-December 1866). P. 550 (13))","M.W. Unger, ""La Gazette des Beaux-Arts, 1874, 2nd semestre""","M. Waggen, Manuel, t. III. p. 27; M. Suermondt is cited in the text withough bibliographic refernces"
https://www.pubhist.com/w15636,"Renesse, Constantijn van 1626-1680",Family Group ,Formerly Attributed to Vermeer,,,,,,,,,,"Gallery of Count Czernin, Vienna, catalogue, no. 60, as Rembrandt;  M. Suermondt cited in the text without bibliographic references"
https://rkd.nl/en/explore/images/record?query=Jacob+Martsen&start=2,"Martsen, Jacob 1580-after 1630 attributed to","Family Portrait Right ""Let the children come to me""",Formerly Attributed to Vermeer,,,,,,,,,,
,Vermeer Johannes 1632-1675 attributed to,The Field,Formerly Attributed to Vermeer,,,,,,,,,,
https://rkd.nl/en/explore/images/record?filters%5Bobjectcategorie%5D%5B0%5D=drawing&query=johannes+vermeer&start=4,"Anonymous Dutch School, 17th century",Figure Studies,Formerly Attributed to Vermeer,,,,,,,,,,
https://rkd.nl/en/explore/images/record?query=Olivier+van+Deuren&start=2,Deuren  Olivier van  1666-1714.,The Geographer,Formerly Attributed to Vermeer,,,,,,"M. Thore, Gazette des Beaux-Arts, April, 1864; Groot, Cornelis Hofstede de de. Jan Vermeer van Delft en Carel Fabritius. Amsterdam, Schltema and Holkema, 1907; Hale cites Dr. W.R. Valentier, Director of the Detroit Institute of Arts and R. W. Martin, Director of the Royal Gallery of Paintings",,B. 35; H. 38,,
http://www.essentialvermeer.com/fakes_thefts_school_of_delft_lost_sp/erroneously_attributed_vermeers_one.html#.XQeigYhKh3h,Unknown Immitator of Vermeer,Girl in a Blue Dress and Yellow Cloak,Formerly Attributed to Vermeer,,,,,,,,,,
"Due to the nature of CSV formating, no image can be provided here. Please contact photoarchive@frick.org",Vermeer  Johannes  1632-1675  copy of,"A Girl Reading a Letter, copy of",Formerly Attributed to Vermeer,,,,,,,,,,
,Vermeer Johannes 1632-1675 attributed to,Girl Pouring Wine,Formerly Attributed to Vermeer,,,,,,"Holmes, C.J., Burlington Magazine, July 1909",,,,
"Image can be found in The Burlington Magazine for Connoisseurs, Volume 15, page 247- https://books.google.com/books?id=3sw-AQAAMAAJ&pg=PR7&lpg=PR7&dq=sackville+gallery+girl+pouring+wine&source=bl&ots=Et7ZRbF9oj&sig=ACfU3U33TcWAm5DQ2dVLtxB5-geQVvtHcA&hl=en&sa=X&ved=2ahUKEwieg_6EmefiAhUPmeAKHaCTDp0Q6AEwBnoECAkQAQ#v=onepage&q=sackville%20gallery%20girl%20pouring%20wine&f=false","Burch,  Hendrick van der 1627-approximately 1666",A Graduation Ceremony at the University of Leyden about 1650,Formerly Attributed to Vermeer,,,,,,,,B. 47,,
https://upload.wikimedia.org/wikipedia/commons/2/2a/A_graduation_ceremony_at_Leiden_University_about_1650%2C_by_Hendrick_van_der_Burgh.jpg,Steen Jan 1685-1750,The Harpsichord Lesson,Formerly Attributed to Vermeer,,,,,,"Groot, Hofstede de, A Catalogue Raisonee of the works of the Most Eminent Dutch Painters of the Seventeenth Century, vol 1. ""Jan Steen."" p. 107 (412)","Groot, Hofstede de, A Catalogue Raisonee of the works of the Most Eminent Dutch Painters of the Seventeenth Century, vol 1. ""Jan Steen."" p. 107 (412)","Groot cited Charles Blanc and Waagen (ii. 227); Wallace collection, London, 1901 catalogue, No. 154",Harvard cites the catalogue of the Collection of Sir Richard Wallace,"Lord Hertford Collection, Manchester House, London, as Jan Steen"
https://rkd.nl/en/explore/images/record?query=The+Harpsichord+Lesson&start=0,Vermeer  Johannes  1632-1675  manner of  attributed to,Head of a Girl,Formerly Attributed to Vermeer,,,,,,,,,,
,Jongh Ludolf de 1616-1679 attributed to,The Huntsman's Rest,Formerly Attributed to Vermeer,,,,,,"Valentiner, W.R., Pieter de Hooch (in Klassiker der Kunst), New York, E. Weyhe, 1930",,,,
,"Vrel, Jacobus, 1654-1670",An Interior of a Beguine Convent,Formerly Attributed to Vermeer,,,,,,,,,,"Sale of Reydon, Amsterdam, 1827"
,Vermeer Johannes 1632-1675 attributed to,An Interior of a Beguine Convent,Formerly Attributed to Vermeer,,,,,,,,,,
"Due to the constraints of the CSV format, no image can be displayed. For more information on this image, contact photoarchive@frick.org.","Thomas, Gerard 1663-1720 manner/circle of","Interior with a Man feeling the Pulse of a Woman, a Dentist beyond",Formerly Attributed to Vermeer,,,,,,,,,,
https://www.philamuseum.org/collections/permanent/102333.html?mulR=1849596643|1,"Vrel, Jacobus, 1654-1670",An Interior of a Town,Formerly Attributed to Vermeer,,,,,,,,,,
https://en.wikipedia.org/wiki/Jacob_Vrel#/media/File:Vrel1.jpg,"Vrel, Jacobus, 1654-1670",An Interior of a Town,Formerly Attributed to Vermeer,,,,,,,,,,"Catalogue of the Gallery Hudtwalcker, p. 117"
https://upload.wikimedia.org/wikipedia/commons/0/04/Jesus_unter_den_Schriftgelehrten_von_Han_van_Meegeren.jpg,"Meegeren Han van, 1889-1947",Jesus Teaching in the Temple,Formerly Attributed to Vermeer,,,,,,,,,,
https://www.nga.gov/collection/art-object-page.61.html,Vermeer  Johannes  1632-1675  20th century imitator of,The Lacemaker,Formerly Attributed to Vermeer,,,,"H.d.G. no. 12b (?); W. Martin, Der neuaufgefundene Jan Vermeer van Delft, in: Kunstwanderer, 1927-28, p. 6; Seymour de Ricci, Le quarante-et-unieme Vermeer, G.d.B.-A., 1927, II, pp. 305-10; W.R. Valentiner, A newly discovered Vermeer, in: Art in America, XVI, 1928, pp. 101-7; C. Hofstede de Groot, Jan Vermeer en Carel Fabritius, Amsterdam 1930, suppl. II, no. 51; Ph. L. Hale, Jan Vermeer of Delft, new ed., London 1937, no. 24","W. Martin, Der neuaufgefundene Jan Vermeer van Delft, in: Kunstwanderer, 1927-28, p. 6-7; Seymour de Ricci, Le quarante-et0unieme Vermeer, in: Gaz. B.a., 1927, pp. 305-10; W.R. Valentiner, A newly discovered Vermeer, in: Art in America, 1928, pp. 101-7","Hale cites three authorities of the State Museums of Berlin: Dr. Max J. Friedlander, director of the departments of prints and engravings, the late Dr. Wilhelm von Bode, director, and Dr. Hermann Boss, curator of paintings, as well as Dr. Eduard Plietzch",,,,
http://www.essentialvermeer.com/fakes_thefts_school_of_delft_lost_sp/erroneously_attributed_vermeers_one.html#.XREWNehKh3g,Vermeer  Johannes  1632-1675  manner of,A Lady in a Blue Hat,Formerly Attributed to Vermeer,,,,,,,,,,
http://www.essentialvermeer.com/fakes_thefts_school_of_delft_lost_sp/erroneously_attributed_vermeers_two.html#.XQFFzb57ncs,"Meegeren Han van, 1889-1947",Lady and Gentleman at the Harpsichord,Formerly Attributed to Vermeer,,,,"A. Bredius, An unpublished Vermeer, in: B.M., LXI, 1932, p. 145",,,,,,
https://www.philamuseum.org/collections/permanent/102282.html?mulR=2013828767|5,Vermeer  Johannes  1632-1675  copy of,Lady with a Guitar,Formerly Attributed to Vermeer,,,,,,"Hale cites writing and a letter dated November 26, 1935 written by Mr. Henri Marceau, curator of the Johnson Collection, a letter dated February 28, 1936 written by Dr. W.R. Valentiner, Director of the Detroit Institute of Arts",H.d.G. 26,,,M. Cremer is cited in the text without bibliographic references
http://collection.nationalmuseum.se/eMP/eMuseumPlus?service=direct/1/ResultListView/result.t1.collection_list.$TspTitleImageLink.link&sp=10&sp=Scollection&sp=SfieldValue&sp=0&sp=0&sp=3&sp=SdetailList&sp=0&sp=Sdetail&sp=0&sp=F&sp=T&sp=1,"Vermeer van Haarlem, Jan, II, 1628-1691",Landscape with Cows,Formerly Attributed to Vermeer,,,,,,,,,,
,Vermeer Johannes 1632-1675 attributed to,Landscape with Dunes,Formerly Attributed to Vermeer,,,,,,,,,,
,Vermeer Johannes 1632-1675 attributed to,"Landscape, in the genre of Ruisdael",Formerly Attributed to Vermeer,,,,,,,,,,
"Due to the cosntrains of CSV formatting, this image cannot be displayed. Contact photoarchive@frick.org for more info","Sweerts, Michael 1618-1664 attributed to",The Lesson,Formerly Attributed to Vermeer,,,,,,"Hale cites the National Gallery, London catalogue, ""A Popular Handbook to the National Gallery,"" by. E.T. Cook, and quotes Witt, M.H., Nineteenth Century, October 1900; Valentiner, W.R., Pantheon, July 1932",,,,
http://www.essentialvermeer.com/fakes_thefts_school_of_delft_lost_sp/erroneously_attributed_vermeers_one.html#.XQFRvr57nct,Laan Dirk Jan van der 1759-1829,The Little Street,Formerly Attributed to Vermeer,,,,,,,,,,
,Vermeer Johannes 1632-1675 attributed to,Lot and His Daughters,Formerly Attributed to Vermeer,,,,,,"Hale cites writing of Professor Willem Vogelsang, Director of the Kunstistor Institute, Utrecht and Mr. H. Granville Fell",,,,
http://www.artnet.com/artists/charles-fran%C3%A7ois-hutin/une-servante-assoupie-QiZnS778DDfABhwYOaefxw2,"Hutin Charles, 1715-1776",A Maidservant Resting in a Hall,Formerly Attributed to Vermeer,,,,,,,,,,
http://www.essentialvermeer.com/fakes_thefts_school_of_delft_lost_sp/erroneously_attributed_vermeers_one.html,Unknown Artist,Magdalen at the Foot of the Cross,Formerly Attributed to Vermeer,,,,,,"Decoen, Jean, Burlington Magazine, September 1935; Scharf, Alfred, The Connoisseur, November 1935",,,,
https://www.rijksmuseum.nl/en/collection/SK-A-4019,"Anonymous Dutch School, active 17th century",A Man Reading in the Open Air,Formerly Attributed to Vermeer,,,,"Pl. no. 33, pl. 38; W. Martin, De Hollandsche Schilderkunst in de 17e eeuw, 2nd ed., Amsterdam 1942, t. II, p. 185",,,,,,
https://www.boijmans.nl/en/collection/artworks/1712/a-musical-company,Delen Dirck van 1604 or 1605-1671,A Merry Company in a Room,Formerly Attributed to Vermeer,,,,,,,,,,
https://www.metmuseum.org/art/collection/search/437352,"Quast, Pieter Jansz, 1605 or 1606-1647","Merry drinking, singing and making music company in an interior",Formerly Attributed to Vermeer,,,,,,,,,,
"Due to the constraints of the CSV format, no image can be displayed. For more information on this image, contact photoarchive@frick.org.",Unknown Artist,The Minuet,Formerly Attributed to Vermeer,,,,,,,,,,
https://rkd.nl/nl/explore/images/267390,"Anonymous Dutch School, 17th century",A Monk Contemplating a Crucifix,Formerly Attributed to Vermeer,,,,,,,,,,
,"Burch, Hendrik van der 1627-1666 attributed to",An Officer at an Open Window,Formerly Attributed to Vermeer,,,,,,"""The 4000 Guinea 'Vermeer,'"" The Illustrated London News, June 3, 1922; Valentiner, W.R., ""Klasiker der Kunst,"" 1929",,,,
,"Vrel, Jacobus, 1654-1670",Old Woman reading the Bible,Formerly Attributed to Vermeer,,,,,,"Valentiner, W.R., Art in America, February, 1929",,,,"Sale, Paris, Mme. James Odier, March 25, 1864, lot 74 (as Pieter de Hooch) (470 francs, to M. Mundler)"
http://www.essentialvermeer.com/fakes_thefts_school_of_delft_lost_sp/erroneously_attributed_vermeers_one.html#.XREZiehKh3g,Unknown Artist,Old Woman with a Reel,Formerly Attributed to Vermeer,,,,,,"Hale cites Philipps, Eastlake, Thore, and Waagen","Hale cites Philipps, Eastlake, W. Burger, and Waagen","B. 3; H. 3; Groot cites Philipps, Eastlake, W. Burger, and Waagen",Havard cites W. Burger,M. Phillips and M. Waagen cited in text without bibliographic references; Personal letter written by Sir Charles Eastlake
,Vermeer Johannes 1632-1675 attributed to,Panorama Landscape,Formerly Attributed to Vermeer,,,,,,,,,,
"""Due to the constraints of CSV, no image can be displayed. For more information on this image, contact photoarchive@frick.org.""",Unknown Artist,The Parable of the Unjust Steward,Formerly Attributed to Vermeer,,,,,,"Hale cites Dr. Wilhelm von Bode, and quotes Mr. H. Granville Fell, Editor of The Connoisseur; P.G. Konody, ""Works of Art in the Collection of Viscount Rothermere,"" 1932",,,,
http://www.essentialvermeer.com/fakes_thefts_school_of_delft_lost_sp/erroneously_attributed_vermeers_one.html#.XRDy_uhKh3g,Bega  Cornelis Pietersz.  approximately 1631-1664,Peasant Woman Seated,Formerly Attributed to Vermeer,,,,,,,,,,
"""Due to the constraints of CSV, no image can be displayed. For more information on this image, contact photoarchive@frick.org.""",Unknown Artist,The Physician,Formerly Attributed to Vermeer,,,,,,"Catalogue of the V.A. Stchavinsky Collection, Petrograd, 1917, p. 35-36",,,,
,"Man Cornelis de, 1621-1706",Portrait of the Artist,Formerly Attributed to Vermeer,,,,,,,,,,"Sale, Slingelandt Collection, 1785(as Pieter de Hooch); Sale, Goll van Franckenstein Collection, 1833, as Nicolas Coedyck; Smith, t. IV, 1833, no. 8(as Pieter de Hooch)."
,Vermeer Johannes 1632-1675 attributed to,Portrait of the Artist,Formerly Attributed to Vermeer,,,,,,"Homes, C.J., Burlington Magazine, July 1909",,,,
https://artuk.org/discover/artworks/portrait-of-a-girl-81079,"Sweerts, Michael 1618-1664 attributed to",Portrait of a Girl,Formerly Attributed to Vermeer,,,,,,"Smith, S.C. Kaines, The Connoisseur, January, 1935; Pevsner, Nikolaus, Burlington Magazine, January 1935",,,,
https://www.fine-arts-museum.be/nl/de-collectie/jacobus-leveck-toegeschreven-aan-vroeger-toegeschreven-aan-rembrandt-nicolaes-maes-jan-vermeer-van-delft-jan-victors-willem-drost-carel-fabritius-delftse-school-de-man-met-de-hoed?artist=maes-nicolaes-1,"Maes, Nicolaus 1634-1693 attributed to",Portrait of a Man,Formerly Attributed to Vermeer,,,,"H.d.G.,. VI, no 309 (Maes); A.J. Wauters, A Portrait by Vermeer of Delft in the Brussels Museum, in B.M., VIII, 1905, p. 205, with plate; A.J. Wauters, in: Art moderne, Bruxelles, January 1905; G. Vanzype, Vermeer de Delft, Bruxelles 1908, p. 43; B. Reiffenberg and W. Hausenstein, Vermeer van Delft, Munchen 1924, pl. 20; G. Isarlo, Vermeer a l'Exposition de Rotterdam, in: La Renaissance de l'Art, XVIII, 1935, p. 98",,"Smith, John, Catalgoue raisonne of the Works of the most eminent Dutch, Flemish and French Painters. In nine volumes, London, Smith and Sons, 1839-1842; Wauters, A.J, ""Vermeer in the Museum at Brussels,"" Burlington Magazine, London, December 1905; Groot, Cornelis Hofstede de, A Catalogue Raisonne of the works of the most eminent Dutch Painters of the Seventeenth Century. Vol. 6, 1907, no. 305; ""Exhibition of Dutch Art,"" Burlington House, 1929; Hale cites Mr. Eduard Pleitzsch, Dr. Bredius, and W.R. Valentiner",Hale cites M.A.J. Wauters and Dr. A. Bredius,B. 47,,
https://rkd.nl/nl/explore/images/5650,"Ovens, Jurgen 1623-1678",Portrait of an unknown family with a glass sphere,Formerly Attributed to Vermeer,,,,,,,,,,
https://www.mfab.hu/artworks/portrait-of-a-woman-2/,Drost Willem n.c. 1630-m.1687,Portrait of a Woman,Formerly Attributed to Vermeer,,,,"H.d.G. no 43; Pl. no. 36; C. Hofstede ded Groot, Vermeer and Fabritius, Amsterdam 1906-1908, no. 30; B. Reiffenbert and W. Hausenstein, Vermeer van Delft, Munchen 1924, pl. 9; W.R. Valentiner, Zum 300. Geburtstag Jan Vermeers, in: Pantheon, X, 1932, p. 323, with plate; G. Isarlo, Vermeer a l'Exposition de Rotterdam, in: La Renaissance de l'Art, XVIII, 1932, p. 99 and 105; Ph. L. Hale, Vermeer, new ed., London1927, p. 204 and pl. 51; Fr. v. Thienen, Vermeer, Amsterdam 1939, p. 24; Th. Bodkin, The Paintings of Jan Vermeer, New York (1940), pl. 22 (Phaidon ed.)",H.d.G. no. 43; Pl. no. 14,Hale cites Dr. A Bredius,,"Museum of Fine Arts, budapest, 1907 catalouge, No. 456 (old No. 312)",,
http://www.essentialvermeer.com/fakes_thefts_school_of_delft_lost_sp/erroneously_attributed_vermeers_one.html#.XRDy_uhKh3g,Vermeer  Johannes  1632-1675  manner of,Portrait of a Woman,Formerly Attributed to Vermeer,,,,,,"Hale cites a letter dated July 24, 1924 written by Dr. von Bode, of the Kaiser Friedrich Museum, Berlin, cites Dr. Friedlander of the Print Cabinet of the Kaiser Freidrich Museum, cites writings dated September 1924 of Dr. Hofstede de Groot, and writings dated March 20, 1930 by Dr. W.R. Valentiner, Director of the Detroit Institute of Arts; Catalogue of the ""Exhibition of Dutch Art, 1450-1900,"" Royal Academy, Burlington House, London, 1929",,,,
https://www.metmuseum.org/art/collection/search/435757?&searchField=ArtistCulture&sortBy=Relevance&ft=Sebastien+Bourdon&offset=0&rpp=20&amp;pos=17,"Bourdon Sebastien, 1616-1671, attributed to",Portrait of a Young Boy,Formerly Attributed to Vermeer,,,,,,"Groot, Hofstede de, A Catalogue Raisonee of the works of the Most Eminent Dutch Painters of the Seventeenth Century, vol 1. 1907. ""Johannes Vermeer."" p. 602 (46b); Emil Waldmann, Kunst und Kunstler, February 1926",,,,
http://www.essentialvermeer.com/fakes_thefts_school_of_delft_lost_sp/erroneously_attributed_vermeers_one.html#.V5DnrOswjcs,Unknown Immitator of Vermeer,Portrait of a Young Girl,Formerly Attributed to Vermeer,,,,,,,,,,
,Vermeer Johannes 1632-1675 attributed to,Portrait of a Young Girl,Formerly Attributed to Vermeer,,,,,,"Groot, Hofstede de. Jan Vermeer van Delft en Carel Fabritius. Amsterdam, Schltema and Holkema. Supplement, 1930, No. 47; Hale cites W.r. Valentiner",,,,
http://www.essentialvermeer.com/fakes_thefts_school_of_delft_lost_sp/erroneously_attributed_vermeers_one.html#.XRDy_uhKh3g,"Anonymous, Dutch School, active 19th century, attributed to",Portrait of a Young Man,Formerly Attributed to Vermeer,,,,,,"Hale cites M. Guiffrey, director of the Louvre, Dr. Hans Vollmer, editor of Thieme's Dictionary of Painters and a late director of the Buda-Pesth Gallery, Sir Joseph Duveen, Mr. P.S. Konody, Mr. Arthur Ruck, Mr. E.V. Lucas, and Dr. Hofestede de Groot; Illustrated London News, November 15, 1924; Literary Digest, December 13, 1924",,,,
"Due to the constraints of the CSV format, no image can be displayed. For more information on this image, contact photoarchive@frick.org.","Anonymous Dutch School, active 19th century, attributed to",Portrait of a Young Woman,Formerly Attributed to Vermeer,,,,,,"Groot, Hofstede de, A Catalogue Raisonee of the works of the Most Eminent Dutch Painters of the Seventeenth Century, vol 1. 1907. ""Johannes Vermeer.""; Lambotte, Paul, ""Apollo,"" January 1935, v. 1, p. 47 (""Notes of the Month"")",,,,
https://digitalcollections.frick.org/digico/#/,Vermeer  Johannes  1632-1675  copy of,"The Procuress, copy of",Formerly Attributed to Vermeer,,,,,,,,,,
http://www.essentialvermeer.com/fakes_thefts_school_of_delft_lost_sp/erroneously_attributed_vermeers_one.html#.XRD5RehKh3h,Laan Dirk Jan van der 1759-1829,The Rustic Cottage,Formerly Attributed to Vermeer,,,,,,,,,,"W.B, Galerie Suermondt, p. 34; l'Histoire des peintres, engraving; Catalogue of the Exhibition Retrospective, no. 109"
https://en.wikipedia.org/wiki/Saint_Praxedis_(painting)#/media/File:Vermeer_saint_praxedis.jpg,Vermeer  Johannes  1632-1675 attributed to ,Saint Praxedis,Formerly Attributed to Vermeer,,"pp. 8-9, cat. no. 1",,,,,,,,
,Vermeer Johannes 1632-1675 attributed to,Sandy Landscape,Formerly Attributed to Vermeer,,,,,,,,,,"Gallery Royal of Schleissheim, no. 804, as Inconnu"
,Vermeer Johannes 1632-1675 attributed to,Sandy Landscape,Formerly Attributed to Vermeer,,,,,,,,,,"Catalogue of the Museum of Brunswick, 1859, no. 397"
https://rkd.nl/nl/explore/images/41838,"Vaillant Wallerant, 1623-1677",Self Portrait,Formerly Attributed to Vermeer,,,,,,,,,,
https://twitter.com/PP_Rubens/status/1102432716874756096/photo/1,"Boursse, Esaias 1631-1672 attributed to",The Servant Sleeping,Formerly Attributed to Vermeer,,,,,,,,,,
https://www.christies.com/lotfinder/Lot/dutch-school-17th-century-a-servant-girl-5855418-details.aspx,"Anonymous Dutch School, 17th century","Sitting Girl, Asleep",Formerly Attributed to Vermeer,,,,,,,,,,
https://www.nga.gov/collection/art-object-page.62.html,Vermeer  Johannes  1632-1675  20th century imitator of,The Smiling Girl,Formerly Attributed to Vermeer,,,,"W. von Bode, Kunsthistorische Ausbeute aus dem deutschen Kunsthandel von heute, 2.  Van Vermeer van Delft, in: R.f.K., XLVII, 1926, pp. 251-55; A Portrait by Vermeer, in: Apollo, IV, 1926, p. 231; Un portrait inconnu par Vermeer, in: L'Art et les Artistes, n.s., XIV, 1926, p. 33; C. Hofstede de Groot, Vermeer van Delft en Carel Fabritius, Amsterdam 1920, suppl. II, no. 50; Ph. L. Hale, Jan Vermeer of Delft, new ed., London 1937, no. 23","W. Bode, Repertorium f. Kunstwissenschaft, 1926, p. 251; Redactie, A Portrait by Vermeer, Apollo, IV, 1926, p. 231; Redactie, Un portrait inconnu par Vermeer, Art et Artistes, N.S. XIV, 1926, p. 33.","Hale cites writing by Dr. W. von Bode of the Kaiser Friedrich Museum, Berlin; Valentiner, W.R., ""The Smiling Girl"" Art in America, April 1928",,,,
,Hooch Pieter de 1629-1684,The Soldiers at a Tavern,Formerly Attributed to Vermeer,,,,,,"Groot, Hofstede de, A Catalogue Raisonee of the works of the Most Eminent Dutch Painters of the Seventeenth Century, vol 1. ""Pieter de Hooch."" pp. 551-52 (272)","Groot, Hofstede de, A Catalogue Raisonee of the works of the Most Eminent Dutch Painters of the Seventeenth Century, vol 1. ""Pieter de Hooch."" pp. 548 (262)","Harvard, Henry. Van der Meer de Delft. 1888. p. 36 (12); Thore-Burger, Theophile, ""Van der Meer de Delft,"" in Gazette des Beaux-Arts 21 (October-December 1866), p. 549 (11) (as Vermeer)",,"Clement de Ris, Moniteur, 1862"
https://www.mutualart.com/Artwork/Nature-morte-aux-fruits/4AEB1EC27F360A95,"Anonymous Dutch School, active 17th century",Still Life,Formerly Attributed to Vermeer,,,,,,,,,,"Sale, Paris, van Cuyck Collection, 1866, lot. 47(as Pieter de Hooch)"
,Vemeer Johannes 1632-1675 attributed to,Still Life,Formerly Attributed to Vermeer,,,,,,"Published, Burlington Magazine, October 1920",,,,
https://digitalcollections.frick.org/digico/#/,Vermeer  Johannes  1632-1675  formerly attributed to,Still Life on a Table,Formerly Attributed to Vermeer,,,,,,,,,,
"http://www.getty.edu/art/collection/objects/556/jacobus-vrel-street-scene-dutch-about-1654-1662/?dz=0.5000,0.5981,0.47","Vrel, Jacobus, 1654-1670",Street Scene,Formerly Attributed to Vermeer,,,,,,,,,,"Theophile Gautier, le Moniteur; Charles Iriarte, le Figaro; Smith is cited in the text without bibliographical references"
https://apps.carleton.edu/kettering/stone-ferrier/?module_api=image_detail&module_identifier=module_identifier-mcla-ImageSidebarModule-mloc-pre_sidebar-mpar-da9af63edc444779df2c954dfc8d4d40&image_id=1089509,"Vrel, Jacobus, 1654-1670",Street Scene,Formerly Attributed to Vermeer,,,,,,,,,,
http://hdl.handle.net/10934/RM0001.COLLECT.6492,"Vrel, Jacobus, 1654-1670",Street View,Formerly Attributed to Vermeer,,,,,,,,,,
"""Due to the constraints of CSV, no image can be displayed. For more information on this image, contact photoarchive@frick.org.""",Vermeer  Johannes  1632-1675  manner of,Study of a Head,Formerly Attributed to Vermeer,,,,,,"Groot, Hofstede de, A Catalogue Raisonee of the works of the Most Eminent Dutch Painters of the Seventeenth Century, vol 1. 1907. ""Johannes Vermeer."" p. 602 (46b)","Groot, Hofstede de, A Catalogue Raisonee of the works of the Most Eminent Dutch Painters of the Seventeenth Century, vol 1. 1907. ""Johannes Vermeer."" p. 602 (46b)",B. 46,,"Sale of Leembruggen, Amsterdam, 1866"
https://www.metmuseum.org/art/collection/search/436678,Hooch Pieter de 1629-1684,Two Ladies and Two Gentlemen in an Interior,Formerly Attributed to Vermeer,,,,,,"Groot, Hofstede de, A Catalogue Raisonee of the works of the Most Eminent Dutch Painters of the Seventeenth Century, vol 1. ""Pieter de Hooch."" pp. 529-30 (192)","Groot, Hofstede de, A Catalogue Raisonee of the works of the Most Eminent Dutch Painters of the Seventeenth Century, vol 1. ""Pieter de Hooch."" pp. 529-30 (192)","Thore-Burger, Theophile, ""Van der Meer de Delft,"" in Gazette des Beaux-Arts 21 (October-December 1866) p. 551 (14)",Havard cites W. Burger and the catalogue of the Smith Collection,"Gallery of M. Francois Delessert, catalogue, no. 81(as Pieter de Hooch); Smith Collection, no. 34"
https://www.mutualart.com/Artwork/STREET-SCENE-WITH-FIGURES-IN-CONVERSATIO/43134034A9D97322,Vermeer Johannes 1632-1675 attributed to,Two Pictures of Streets with Figures,Formerly Attributed to Vermeer,,,,,,,,,,
http://www.artnet.com/artists/jacobus-vrel/street-scene-with-two-figures-walking-away-YrC_Os4oylGljzbdU53WHQ2,Vermeer Johannes 1632-1675 attributed to,Two Pictures of Streets with Figures,Formerly Attributed to Vermeer,,,,,,,,,,
https://rkd.nl/nl/explore/images/268750,"Morley, Malcolm 1931-","Vermeer, Portrait of the Artist in His Studio",Formerly Attributed to Vermeer,,,,,,,,,,
,Witte Emanuel de 1617-1692 attributed to,Vestibule of the St. Agatha Cloister,Formerly Attributed to Vermeer,,,,,,,,,,"Museum of Amsterdam, catalogue, 1864, no. 96 (as Aart de Gelder); Eynden and Immerzeel are cited in the text without bibliographical references"
,"Vermeer van Haarlem, Jan, II, 1628-1691","View of a City, with a river, that the men navigate on their boats",Formerly Attributed to Vermeer,,,,,,,,,,Burger cites M.Waagner who certifies this as an excellent work by Vermeer
https://sammlung.staedelmuseum.de/en/work/view-of-delft,"Anonymous Dutch School, 18th century",View of Delft,Formerly Attributed to Vermeer,,,,,,,,,,
http://am.adlibhosting.com/amonline/advanced/Details/collect/40229,Craeyvanger Reinier 1812-1880,View of Delft,Formerly Attributed to Vermeer,,,,,,,,,,
"""Due to the constraints of CSV, no image can be displayed. For more information on this image, contact photoarchive@frick.org.""","Vermeer van Haarlem the Elder, Jan, 1628-1691","View of Delft, With a Bleaching Ground in Front",Formerly Attributed to Vermeer,,,,,,"Groot, Hofstede de. Jan Vermeer van Delft en Carel Fabritius. Amsterdam, Schltema and Holkema, Supplement 1930; Hennus, M.F., De Amsterdammer Weekblad voor Nederland, June 23, 1923; Hale cites writing dated 1930 of W.R. Valentiner",,,,
https://rkd.nl/explore/images/196472,"Immitator of Vermeer, 18th century",View of Delft from the South,Formerly Attributed to Vermeer,,,,,,,,,,
http://www.essentialvermeer.com/fakes_thefts_school_of_delft_lost_sp/erroneously_attributed_vermeers_one.html#.XQkZ5IhKh3h,Meer Dirk Jan van der (?),View of Dunes,Formerly Attributed to Vermeer,,,,,,,,,,
,Vermeer Johannes 1632-1675 attributed to,View of Holland,Formerly Attributed to Vermeer,,,,,,,,,,
https://www.louvre.fr/en/oeuvre-notices/view-interior-or-slippers-traditional-title-given-19th-century,Dutch School (17th century),View of an Interior,Formerly Attributed to Vermeer,,,,,,,,,,
https://rkd.nl/explore/images/11392,"Adriaenssen Alexander, 1587-1661",Woman buying poultry at the market,Formerly Attributed to Vermeer,,,,,,,,,,
https://wallacelive.wallacecollection.org/eMP/eMuseumPlus?service=direct/1/ResultListView/result.t1.collection_list.$TspTitleImageLink.link&sp=10&sp=Scollection&sp=SfieldValue&sp=0&sp=0&sp=2&sp=SdetailList&sp=0&sp=Sdetail&sp=0&sp=F&sp=T&sp=1,Hooch Pieter de 1629-1684,A Woman Peeling Apples,Formerly Attributed to Vermeer,,,,,,"Groot, Hofstede de, A Catalogue Raisonee of the works of the Most Eminent Dutch Painters of the Seventeenth Century, vol 1. ""Pieter de Hooch."" pp. 485-86 (33)","Groot, Hofstede de, A Catalogue Raisonee of the works of the Most Eminent Dutch Painters of the Seventeenth Century, vol 1. ""Pieter de Hooch."" pp. 485-86 (33)",,Havard cites the catalogue of the Collection of Sir Richard Wallace,"Musée de Vienne, no. 82, as Gerard ter Borch"
https://www.metmuseum.org/art/collection/search/437882?exhibitionId=%7b4318132f-0779-46f5-a12c-54823e3da1b2%7d&amp;oid=437882&amp;pos=1&amp;ft=*,Vermeer  Johannes  1632-1675  20th century imitator of,Woman Reading,Formerly Attributed to Vermeer,,,,,,"Groot, Hofstede de. Jan Vermeer van Delft en Carel Fabritius. Amsterdam, Schltema and Holkema, 1907.",,,,
http://onlinecollection.nationalgallery.ie/objects/8709/woman-reading-a-letter?ctx=3c58d9a2-e9f8-4ee4-a6b7-da62f60304a1&idx=0,Metsu Gabriel 1629-1667,Woman reading a letter and maid,Formerly Attributed to Vermeer,,,,,,,,,,
,Vermeer Johannes 1632-1675 attributed to,Wooded Landscape,Formerly Attributed to Vermeer,,,,,,,,,,
http://onlinecollection.nationalgallery.ie/objects/8708/man-writing-a-letter,Metsu Gabriel 1629-1667,Young Gentleman writing a Letter,Formerly Attributed to Vermeer,,,,,,"Groot, Hofstede de, A Catalogue Raisonee of the works of the Most Eminent Dutch Painters of the Seventeenth Century, vol 1. ""Gabriel Metsu."" pp. 311-12 (185)","Groot, Hofstede de, A Catalogue Raisonee of the works of the Most Eminent Dutch Painters of the Seventeenth Century, vol 1. ""Gabriel Metsu."" pp. 311-12 (185)","Uffizi, Florence, 1891 catalogue, No. 972",,"Sale, Amsterdam, Braancamp Collection, 1771, lot 125, as Gabriel Metsu; A.J. Paillet and Gregoire-Hippolyte Delaroche, Collection précieuse de dessins par les plus grand maîtres l'école flamande et hollandaise, Paris, April 25, 1803."
https://www.teylersmuseum.nl/en/collection/art/r-010-zittende-jongeman-bij-ton-met-het-hoofd-naar-links,"Anonymous, Dutch School, active 17th century",Young Man seated next to a Barrel,Formerly Attributed to Vermeer,,,,,,,,,,
https://rkd.nl/explore/images/59067,"Cossiers Jan, 1600-1671",Young woman with fruit on her lap looking at a man,Formerly Attributed to Vermeer,,,,,,,,,,
www.khm.at/de/object/0e01938fc4/,"Terburg, Gerard the younger 1617-1681",A Young Woman peeling an Apple for her Child,Formerly Attributed to Vermeer,,,,,,Hale cites Bryans's Dictionary of Painters and Engravers,,,Harvard cites the catalogue of the Museum of Vienna,
https://rkd.nl/explore/images/55321,Unknown Artist,Young Woman with a Pearl in the Ear,Formerly Attributed to Vermeer,,,,,,,,,,
,Vermeer Johannes 1632-1675 attributed to,A Young Woman plays at on a harpsichord in her room with a teacher who listens ,Formerly Attributed to Vermeer,,,,,,,,,,
,"Burch, Hendrik van der 1627-1666 attributed to",A Young Woman sewing,Formerly Attributed to Vermeer,,,,,,,,B. 43,,"Sale in Amsterdam 1779, no. 105"
,Vermeer Johannes 1632-1675 attributed to,At the Art-Dealer's,Lost Vermeer,,,,,,,,,,
,Vermeer Johannes 1632-1675 attributed to,The Back of a House with a Courtyard,Lost Vermeer,,,,,,,,,,
,Vermeer Johannes 1632-1675 attributed to,The Concert ,Lost Vermeer,,,,,,,H.d.G. 30,,,
,Vermeer Johannes 1632-1675 attributed to,A Country Fair,Lost Vermeer,,,,,,,,,,
,Vermeer Johannes 1632-1675 attributed to,A Domestic Scene,Lost Vermeer,,,,,,,,B. 47,,
,Vermeer Johannes 1632-1675 attributed to,A Domestic Scene,Lost Vermeer,,,,,,,,B. 47,,
,Vermeer Johannes 1632-1675 attributed to,The Flower-Girl,Lost Vermeer,,,,,,,,,,
,Vermeer Johannes 1632-1675 attributed to,A Gentleman and Lady eating Oysters,Lost Vermeer,,,,,,,,,,
,Vermeer Johannes 1632-1675 attributed to,The Girl with the Cat,Lost Vermeer,,,,,,Hale cites W.R. Valentiner,,,,
,Vermeer Johannes 1632-1675 attributed to,A Girl and a Cavalier,Lost Vermeer,,,,,,,,B. 21; H. 24,,
,Vermeer Johannes 1632-1675 attributed to,The Goldsmith's Shop,Lost Vermeer,,,,,,,,,,
,Vermeer Johannes 1632-1675 attributed to,Head of a Person in Antique Costume,Lost Vermeer,,,,,,,H.d.G. 21,,,
,Vermeer Johannes 1632-1675 attributed to,"An Interior, with a  Gentleman washing his Hands",Lost Vermeer,,,,,,,,B. 39; H. 42,,"Sale of 1696, no. 5"
,Vermeer Johannes 1632-1675 attributed to,A Lady with a Maid-Servant and a Page,Lost Vermeer,,,,,,,,,,
,Vermeer Johannes 1632-1675 attributed to,A Lady making Lace,Lost Vermeer,,,,,,,,,,
,Vermeer Johannes 1632-1675 attributed to,"A Lady at the Spinet, with a Gentleman",Lost Vermeer,,,,,,,,B. 9; H. 11,,"Musée de la Hollande, t. II, p. 65"
,Vermeer Johannes 1632-1675 attributed to,A Landscape with Trees,Lost Vermeer,,,,,,,,,,
,Vermeer Johannes 1632-1675 attributed to,A Lady Writing,Lost Vermeer,,,,,,,,,,
,Vermeer Johannes 1632-1675 attributed to,The Love Letter,Lost Vermeer,,,,,,,,,,
,Vermeer Johannes 1632-1675 attributed to,A Man playing Music with a Lady in an Interior,Lost Vermeer,,,,,,,H.d.G. 30,H. 9,,
,Vermeer Johannes 1632-1675 attributed to,A Man Reading,Lost Vermeer,,,,,,,,,,
,Vermeer Johannes 1632-1675 attributed to,A Nun reading,Lost Vermeer,,,,,,,,,,
,Vermeer Johannes 1632-1675 attributed to,"The Oude Gracht in Haarlem, near Klein Hiligland",Lost Vermeer,,,,,,,,,,
,Vermeer Johannes 1632-1675 attributed to,Part of a Town with a View into an Entry,Lost Vermeer,,,,,,,,,,
,Vermeer Johannes 1632-1675 attributed to,A Picture of a Street,Lost Vermeer,,,,,,,,,,
,Vermeer Johannes 1632-1675 attributed to,A Picture of a Street,Lost Vermeer,,,,,,,,,,
,Vermeer Johannes 1632-1675 attributed to,Portrait of Vermeer,Lost Vermeer,,,,,,,,,,
,Vermeer Johannes 1632-1675 attributed to,Portrait of a Young Lady,Lost Vermeer,,,,,,,,,,
,Vermeer Johannes 1632-1675 attributed to,Portrait of a Young Man,Lost Vermeer,,,,,,,,,,
,Vermeer Johannes 1632-1675 attributed to,A Public Place at The Hague,Lost Vermeer,,,,,,,,,,
,Vermeer Johannes 1632-1675 attributed to,Scene in a Courtyard,Lost Vermeer,,,,,,,,,,
,Vermeer Johannes 1632-1675 attributed to,A Trooper and a Girl,Lost Vermeer,,,,,,,,,,
,Vermeer Johannes 1632-1675 attributed to,A View of some Houses,Lost Vermeer,,,,,,,H.d.G. 49,,,
,Vermeer Johannes 1632-1675 attributed to,View of a Street in Delft,Lost Vermeer,,,,,,,,,,
,Vermeer Johannes 1632-1675 attributed to,Woman and Boy sitting by the Fireside in a Room,Lost Vermeer,,,,,,,,,,
,Vermeer Johannes 1632-1675 attributed to,Woman and Child,Lost Vermeer,,,,,,,,,,
,Vermeer Johannes 1632-1675 attributed to,A Woman combing her Hair,Lost Vermeer,,,,,,,,B. 47,,"Sale Pieter de Blok, Amsterdam, 1832"
,Vermeer Johannes 1632-1675 attributed to,A Woman making Lace,Lost Vermeer,,,,,,,,,,
,Vermeer Johannes 1632-1675 attributed to,A Woman making Lace,Lost Vermeer,,,,,,,,,,
,Vermeer Johannes 1632-1675 attributed to,A Woman with Needlework on her Lap,Lost Vermeer,,,,,,,,,,
,Vermeer Johannes 1632-1675 attributed to,A Woman pairing Turnips,Lost Vermeer,,,,,,,,B. 19; H. 22,,"Sale catalogue of Brentano, Amsterdam, 1822, no. 209"
,Vermeer Johannes 1632-1675 attributed to,A Woman washing a Boy's Head in a Room,Lost Vermeer,,,,,,,,,,
,Vermeer Johannes 1632-1675 attributed to,A Woman weighing Gold,Lost Vermeer,,,,,,,,B. 26,,"Sale of 1696, no. 1; Sale in Amsterdam, 1701; Catalogue of the Sale in La Haye, 1780, no. 97; Catalogue (by Henry), no. 130; Burger cites M. Horsin"
,Vermeer Johannes 1632-1675 attributed to,A Woman at Work with a Child,Lost Vermeer,,,,,,,,B. 18; H. 21,,"Sale, Amsterdam, Roos Collection, 1841, as van der Meer van Delft"
,Vermeer Johannes 1632-1675 attributed to,A Young Girl conversing with a Doctor,Lost Vermeer,,,,,,,,B. 22; H. 25,,"Sale catalogue of J. Hulswit, Amsterda, 1822"
,Vermeer Johannes 1632-1675 attributed to,A Young Woman skinning an Eel,Lost Vermeer,,,,,,,,,,
,Vermeer Johannes 1632-1675 attributed to,A Violent Storm at Sea,Lost Vermeer,,,,,,,,,,
